0.0023142907,0.015995666,0.026145238,2.2198262e-06,0.05429403,0.015760973,0.000154494,0.0065498436,6.6454804e-06,9.702047e-06,3.2378932e-06,0.028346764,6.706969e-05,0.045044336,0.20498885,0.034826092,0.20626055,5.863965e-05,5.3968542e-05,9.857553e-05,0.025396068,6.918492e-05,0.010048493,0.0019747566,4.4262386e-05,2.2429289e-05,0.000739031,0.2047665,0.057932608,7.305833e-06,0.0579753,4.2863485e-05
0.002324495,0.015999064,0.026467895,2.1942717e-06,0.05388915,0.01618778,0.00015445617,0.0064070206,6.496367e-06,9.608932e-06,3.1941295e-06,0.028351896,6.692036e-05,0.044750467,0.20900153,0.03433928,0.2160429,5.4124135e-05,5.355334e-05,9.970662e-05,0.02630994,6.6429726e-05,0.008958137,0.0020074614,4.3697084e-05,2.1625128e-05,0.00074033585,0.19040298,0.057850607,6.7244937e-06,0.059337847,4.252727e-05
0.0022931453,0.015940461,0.025738884,2.1827675e-06,0.052977562,0.016036684,0.00015439249,0.00636459,6.4884794e-06,9.59097e-06,3.162374e-06,0.028172486,6.6078304e-05,0.044183396,0.21253899,0.033664875,0.2089093,5.5628287e-05,5.330988e-05,9.780201e-05,0.025823599,6.674668e-05,0.009432241,0.0019546389,4.3710177e-05,2.174041e-05,0.0007334885,0.19859956,0.05755823,6.8837967e-06,0.05844783,4.233014e-05
0.0022948903,0.01595415,0.026699528,2.232687e-06,0.05281503,0.015939042,0.00015395076,0.0066871764,6.4328033e-06,9.576525e-06,3.2090468e-06,0.02812162,6.597854e-05,0.04539413,0.20239834,0.034977335,0.21266948,5.529836e-05,5.2871594e-05,0.000100116355,0.025483746,6.563249e-05,0.009543431,0.0019717354,4.3400414e-05,2.2322538e-05,0.00074329984,0.20364854,0.056151867,7.001947e-06,0.05787732,4.1378895e-05
0.0023804477,0.015811702,0.026454944,2.2688582e-06,0.059061453,0.015274027,0.00015489772,0.00666407,7.174036e-06,1.005058e-05,3.4337338e-06,0.029068999,7.0912036e-05,0.04380644,0.2034916,0.036533248,0.18815553,6.806886e-05,5.6029738e-05,9.88188e-05,0.023585668,7.8855155e-05,0.011292922,0.0020179444,4.6107096e-05,2.3870207e-05,0.00074389804,0.21552664,0.062350873,8.625814e-06,0.057104845,4.562607e-05
0.0022911995,0.015984071,0.025859414,2.1997505e-06,0.05384671,0.015855735,0.00015463118,0.0064904904,6.540765e-06,9.6380145e-06,3.1829452e-06,0.028260002,6.6329136e-05,0.04473666,0.21020629,0.034049567,0.20239647,5.748657e-05,5.3562995e-05,9.796932e-05,0.0254272,6.791264e-05,0.009893481,0.0019466969,4.4008815e-05,2.2266031e-05,0.0007369792,0.20508204,0.057620913,7.1547047e-06,0.058680777,4.2368865e-05
0.0021536092,0.014829105,0.02366061,1.970578e-06,0.0532028,0.016651962,0.00015609458,0.0058409194,6.2412764e-06,9.396029e-06,2.9082485e-06,0.027211297,6.516473e-05,0.04066026,0.26151934,0.029214013,0.1669429,5.057433e-05,5.1515635e-05,9.304753e-05,0.024354765,6.270502e-05,0.008228604,0.0018103878,4.2240637e-05,2.0859565e-05,0.0007038143,0.19980374,0.05697959,6.2228105e-06,0.065622136,4.120229e-05
0.002162357,0.01499569,0.023586426,1.9805072e-06,0.053008888,0.016614031,0.00015598888,0.0058122315,6.233301e-06,9.390674e-06,2.9055905e-06,0.027361216,6.490308e-05,0.040647123,0.25976402,0.029207334,0.16993228,5.0960596e-05,5.1722152e-05,9.284682e-05,0.024613295,6.307051e-05,0.008317499,0.0018121657,4.244785e-05,2.0759091e-05,0.00070492114,0.19863515,0.057365272,6.2375766e-06,0.06484935,4.138163e-05
0.0021624204,0.014984392,0.023811273,1.9732097e-06,0.05320102,0.0165878,0.00015591655,0.0058754957,6.177378e-06,9.365722e-06,2.8926736e-06,0.027458947,6.49289e-05,0.040658608,0.2588634,0.029503867,0.16733716,5.0253617e-05,5.151703e-05,9.349275e-05,0.024182143,6.2387524e-05,0.008228462,0.0018125653,4.226882e-05,2.0862597e-05,0.0007089616,0.20180827,0.057094626,6.2045256e-06,0.06511137,4.097065e-05
0.0021836767,0.015146638,0.024116565,1.974021e-06,0.054286525,0.016285941,0.00015657794,0.006002072,6.2137697e-06,9.418848e-06,2.9031094e-06,0.027712937,6.538001e-05,0.041773915,0.24953766,0.030500706,0.16628754,5.1265855e-05,5.1951298e-05,9.4332085e-05,0.023954723,6.308527e-05,0.008552287,0.0018213332,4.2670767e-05,2.1207976e-05,0.0007167307,0.20819649,0.057012174,6.312904e-06,0.06529774,4.0956435e-05
0.0021150648,0.014763483,0.023277475,1.9773495e-06,0.0532512,0.016559005,0.00015642212,0.0058723,6.2431577e-06,9.402859e-06,2.8935694e-06,0.026923146,6.457412e-05,0.04118045,0.26301855,0.02858611,0.16112892,5.1875577e-05,5.1495004e-05,9.206186e-05,0.024336573,6.313019e-05,0.008571266,0.0017713407,4.236651e-05,2.114157e-05,0.0006996267,0.20439959,0.056287836,6.367361e-06,0.06664728,4.0877712e-05
0.0021417893,0.014820228,0.023155218,1.9537e-06,0.052877538,0.0164298,0.00015617389,0.005763531,6.2619297e-06,9.4092475e-06,2.887161e-06,0.027153092,6.484102e-05,0.040442213,0.26146078,0.028971486,0.1647783,5.173962e-05,5.1618474e-05,9.1788716e-05,0.0241842,6.345506e-05,0.008538853,0.001783357,4.2439995e-05,2.0828338e-05,0.000699358,0.20415126,0.057069845,6.3038788e-06,0.06496813,4.128568e-05
0.0021265228,0.014741248,0.02384821,1.9773743e-06,0.054072414,0.016576592,0.00015671465,0.0060069715,6.215854e-06,9.405381e-06,2.9022256e-06,0.02703983,6.504981e-05,0.041746043,0.26026192,0.029229833,0.15928575,5.0932224e-05,5.1420127e-05,9.362264e-05,0.02402367,6.239406e-05,0.008378649,0.0017888426,4.2213986e-05,2.1367825e-05,0.000706808,0.20590886,0.055915464,6.3183597e-06,0.06773131,4.050004e-05
0.0021491589,0.014838796,0.023338357,1.9545596e-06,0.053708434,0.016328389,0.00015649725,0.005846175,6.2859126e-06,9.4425295e-06,2.8970717e-06,0.02721171,6.519963e-05,0.041034948,0.25789773,0.029425122,0.16250087,5.215831e-05,5.1767616e-05,9.231269e-05,0.02398627,6.379871e-05,0.00864873,0.0017879887,4.260262e-05,2.1059941e-05,0.0007029242,0.20742676,0.05698111,6.3671337e-06,0.06557288,4.120726e-05
0.00212266,0.014692856,0.023236826,1.9663369e-06,0.05295144,0.016505701,0.00015625331,0.005851274,6.2603867e-06,9.411191e-06,2.89901e-06,0.026904544,6.474145e-05,0.04082266,0.26212528,0.028845126,0.1620512,5.1789502e-05,5.1354484e-05,9.198409e-05,0.024080155,6.310532e-05,0.0085611595,0.0017741367,4.2283835e-05,2.1073225e-05,0.0006981689,0.20602271,0.05633626,6.357585e-06,0.06580744,4.0887175e-05
0.0021120762,0.014689517,0.023020076,1.9687568e-06,0.05269107,0.016574439,0.00015624716,0.0057966644,6.2511076e-06,9.398613e-06,2.8892687e-06,0.026824715,6.441797e-05,0.040610418,0.26554912,0.02835156,0.16176116,5.1892468e-05,5.1364263e-05,9.1431146e-05,0.02429767,6.318093e-05,0.008545702,0.0017638325,4.2305564e-05,2.0970072e-05,0.00069512054,0.2037444,0.05644652,6.3513166e-06,0.06591621,4.0952993e-05
0.00210959,0.0144565515,0.023925567,1.9863194e-06,0.053140555,0.016932268,0.00015599605,0.0059680813,6.1977635e-06,9.37587e-06,2.9238606e-06,0.026727833,6.500539e-05,0.04071796,0.26790625,0.028740896,0.16049123,4.9575607e-05,5.08069e-05,9.385264e-05,0.023957819,6.143211e-05,0.007946589,0.0017948282,4.1616306e-05,2.1213711e-05,0.00070097676,0.20059013,0.055686623,6.2372956e-06,0.06759966,4.028566e-05
0.0021052933,0.014557973,0.023312112,1.9654403e-06,0.052075867,0.016607597,0.00015585548,0.0058605326,6.186848e-06,9.356797e-06,2.8875395e-06,0.02675644,6.4323445e-05,0.04033132,0.26531148,0.02861414,0.16163936,5.070016e-05,5.0837032e-05,9.221275e-05,0.023839772,6.187778e-05,0.008356521,0.0017639238,4.1819196e-05,2.1039445e-05,0.00069705775,0.20619781,0.055748645,6.283959e-06,0.065618426,4.0367064e-05
0.0020925414,0.014657017,0.022637067,1.9974252e-06,0.052713484,0.016462786,0.00015659323,0.0057701757,6.3606576e-06,9.468046e-06,2.9230896e-06,0.026706187,6.433441e-05,0.040314663,0.2674155,0.027754381,0.15932012,5.527181e-05,5.18754e-05,9.001758e-05,0.024465095,6.565712e-05,0.009144867,0.0017386841,4.28975e-05,2.1307942e-05,0.0006895223,0.20510107,0.057169706,6.7485794e-06,0.06523001,4.171495e-05
0.0020702018,0.014422826,0.022881089,1.9667214e-06,0.05175517,0.016637238,0.00015608808,0.005808096,6.19674e-06,9.355737e-06,2.8751251e-06,0.026424417,6.380311e-05,0.040284622,0.2710598,0.027691137,0.15813206,5.157525e-05,5.081799e-05,9.098786e-05,0.024088586,6.217823e-05,0.008510498,0.0017309403,4.1854553e-05,2.108939e-05,0.00068986195,0.20539652,0.0554223,6.3652474e-06,0.06638908,4.037123e-05
0.0020946378,0.014459441,0.02274309,1.954347e-06,0.0528688,0.016688304,0.00015675963,0.0057086735,6.320031e-06,9.431108e-06,2.892362e-06,0.02654733,6.4696746e-05,0.040395387,0.2724426,0.027663242,0.15943383,5.2155974e-05,5.1504114e-05,9.068429e-05,0.024553295,6.361959e-05,0.008438896,0.0017543081,4.232001e-05,2.0869404e-05,0.00068787637,0.19926018,0.056488577,6.343496e-06,0.06716067,4.13446e-05
0.0021011196,0.014467181,0.023033839,1.9564118e-06,0.052472316,0.016561564,0.00015629234,0.0058082887,6.273708e-06,9.410912e-06,2.8977297e-06,0.026611337,6.461771e-05,0.04043311,0.2668991,0.028346915,0.1603766,5.1802832e-05,5.1149585e-05,9.1404436e-05,0.02403241,6.293312e-05,0.00849846,0.0017570385,4.208453e-05,2.1033487e-05,0.0006920654,0.20520069,0.0559926,6.3595608e-06,0.06610634,4.0834835e-05
0.0020822403,0.014396212,0.02347232,1.9839524e-06,0.052520078,0.016801825,0.00015619936,0.005958642,6.189481e-06,9.366699e-06,2.9034147e-06,0.026455276,6.431486e-05,0.040882457,0.26862764,0.02823814,0.15800557,5.0563223e-05,5.068643e-05,9.263641e-05,0.02394671,6.1531064e-05,0.008246084,0.0017573318,4.1695428e-05,2.1301263e-05,0.00069595187,0.20474485,0.055049077,6.322467e-06,0.06751388,4.001463e-05
0.0020902336,0.014626114,0.023152657,1.9990973e-06,0.052916184,0.01656733,0.00015668306,0.0059357095,6.2844933e-06,9.428179e-06,2.9178989e-06,0.02659097,6.433817e-05,0.04134836,0.26405823,0.028225003,0.15891911,5.323826e-05,5.1386032e-05,9.156197e-05,0.024368037,6.358546e-05,0.008860977,0.0017502353,4.242165e-05,2.1471546e-05,0.00069534284,0.20679256,0.05574615,6.562856e-06,0.0667442,4.0791325e-05
0.0020803425,0.0145600485,0.023404647,2.0243435e-06,0.052945506,0.016853314,0.00015664255,0.005983997,6.2820927e-06,9.424066e-06,2.9392236e-06,0.026393345,6.4323845e-05,0.04180873,0.2665406,0.027911816,0.16113754,5.23513e-05,5.127322e-05,9.223249e-05,0.024878409,6.2950865e-05,0.008563963,0.0017625894,4.2194824e-05,2.1466314e-05,0.00069490756,0.2005433,0.05527742,6.48442e-06,0.068048365,4.061515e-05
0.0020986565,0.014712115,0.023008298,2.0316468e-06,0.053359494,0.016535321,0.00015695795,0.005907197,6.421699e-06,9.5184105e-06,2.9664805e-06,0.02669148,6.477465e-05,0.04131062,0.26325074,0.02807499,0.16052404,5.575431e-05,5.2133437e-05,9.106038e-05,0.02472553,6.6015375e-05,0.009222381,0.0017583672,4.304396e-05,2.1639054e-05,0.00069388683,0.2046134,0.05676804,6.839299e-06,0.0661246,4.173297e-05
0.002096314,0.014580781,0.023167,2.024162e-06,0.052857593,0.01662648,0.00015691505,0.0059190267,6.4274755e-06,9.509635e-06,2.97572e-06,0.026518196,6.49707e-05,0.041403636,0.26297092,0.028192973,0.1632766,5.4644377e-05,5.1795007e-05,9.139676e-05,0.024797149,6.498334e-05,0.00903772,0.0017692028,4.2635405e-05,2.1570439e-05,0.00069226377,0.20311944,0.056104336,6.7135416e-06,0.06625217,4.1616073e-05
0.002117072,0.014686798,0.022982651,2.0328764e-06,0.05388794,0.016531222,0.00015727141,0.005843757,6.56183e-06,9.596747e-06,3.0066296e-06,0.026787719,6.572719e-05,0.041100617,0.26320267,0.028180249,0.1626555,5.6930712e-05,5.266621e-05,9.0850685e-05,0.024943838,6.763811e-05,0.009314585,0.0017809981,4.334382e-05,2.1621016e-05,0.00069166627,0.20114869,0.057645597,6.938683e-06,0.06587149,4.2726366e-05
0.0020838212,0.014420016,0.023869345,2.0446641e-06,0.05310927,0.016723953,0.00015690806,0.0061401012,6.4067617e-06,9.510953e-06,3.0069784e-06,0.026269704,6.5238004e-05,0.042596955,0.25890514,0.028678514,0.16296537,5.3528536e-05,5.139161e-05,9.313205e-05,0.024683187,6.359363e-05,0.008873554,0.0017819406,4.2137337e-05,2.1998403e-05,0.00069666555,0.20509443,0.054595154,6.679295e-06,0.06789651,4.0835883e-05
0.0021297818,0.01456199,0.023554975,2.0676134e-06,0.055434253,0.016429624,0.00015769829,0.0060542948,6.7281226e-06,9.726454e-06,3.094911e-06,0.026740085,6.7072855e-05,0.042053077,0.25662625,0.02907597,0.16001947,5.9028618e-05,5.3056418e-05,9.2149574e-05,0.024561437,6.946057e-05,0.009644013,0.0018061318,4.364697e-05,2.2372558e-05,0.0006963644,0.20570628,0.057609174,7.284172e-06,0.066660374,4.3037875e-05
0.0020731075,0.014391152,0.023641711,2.030675e-06,0.05315678,0.016818954,0.00015679344,0.006090135,6.354238e-06,9.465412e-06,2.9753778e-06,0.026195804,6.49304e-05,0.042332757,0.26349747,0.028259018,0.15979156,5.273727e-05,5.110253e-05,9.264237e-05,0.024641301,6.2962295e-05,0.008729453,0.0017702044,4.1997246e-05,2.1857917e-05,0.00069431926,0.20414335,0.054543298,6.582707e-06,0.068616584,4.05874e-05
0.0020720155,0.0143833915,0.023671556,2.0297414e-06,0.053131383,0.016810581,0.00015668818,0.006110068,6.337479e-06,9.455496e-06,2.9719688e-06,0.026179917,6.486342e-05,0.042358898,0.26313382,0.028334115,0.15917131,5.2582785e-05,5.0962262e-05,9.2712966e-05,0.02453334,6.2728424e-05,0.008730465,0.0017680909,4.192501e-05,2.189409e-05,0.0006948561,0.2052999,0.05441774,6.5780814e-06,0.06858642,4.042122e-05
0.0020745546,0.0144436015,0.023349829,2.0261468e-06,0.052734137,0.01671785,0.00015657714,0.0060260324,6.361187e-06,9.463229e-06,2.9662697e-06,0.026249612,6.471781e-05,0.04185711,0.26326165,0.028169043,0.16028303,5.3517622e-05,5.1142855e-05,9.180359e-05,0.024567567,6.352491e-05,0.008940342,0.0017603695,4.2143736e-05,2.177293e-05,0.0006921935,0.20595473,0.05496905,6.654449e-06,0.06733584,4.0805953e-05
0.0020777355,0.014420053,0.023085203,2.0263158e-06,0.052928846,0.01659837,0.00015680077,0.005962863,6.4554147e-06,9.520961e-06,2.9849718e-06,0.02630467,6.507805e-05,0.041386746,0.26411906,0.028054675,0.15893751,5.5287775e-05,5.1544543e-05,9.1016846e-05,0.024454523,6.516592e-05,0.009227817,0.0017566459,4.2521147e-05,2.1864496e-05,0.00068955706,0.20703755,0.05572024,6.842809e-06,0.066619396,4.1494535e-05
0.0020958805,0.014589837,0.023141278,2.0102e-06,0.05435655,0.016460916,0.00015740847,0.005934574,6.4856695e-06,9.547238e-06,2.9721834e-06,0.026680319,6.560848e-05,0.041592576,0.2633494,0.028213378,0.15628968,5.6002584e-05,5.2198207e-05,9.108153e-05,0.02450794,6.6282024e-05,0.009322169,0.0017655278,4.2953212e-05,2.1880142e-05,0.00069357955,0.20621388,0.05672596,6.88375e-06,0.06744313,4.2106636e-05
0.0021034451,0.014579383,0.023066383,2.0164323e-06,0.05488549,0.016413243,0.00015748083,0.0059095514,6.5642234e-06,9.597776e-06,2.9951657e-06,0.026764235,6.610929e-05,0.04130248,0.26378474,0.028201256,0.15520628,5.7390378e-05,5.2572086e-05,9.0757756e-05,0.024443936,6.779874e-05,0.009491524,0.0017700111,4.330095e-05,2.1977909e-05,0.00069258595,0.20605384,0.057517886,7.049244e-06,0.06718545,4.267682e-05
0.0021067604,0.014776264,0.022809185,2.0167702e-06,0.05433624,0.016578589,0.00015724114,0.0058004768,6.5024765e-06,9.541519e-06,2.963697e-06,0.026830014,6.537767e-05,0.04120512,0.26647395,0.027696623,0.15957324,5.644401e-05,5.2594292e-05,9.010983e-05,0.025183296,6.7208275e-05,0.009300623,0.0017705376,4.330974e-05,2.1507169e-05,0.0006906105,0.19951087,0.05780994,6.856126e-06,0.066923246,4.279643e-05
0.0021177756,0.014877238,0.022827696,2.019024e-06,0.05339079,0.01646977,0.00015656892,0.0057903053,6.4517085e-06,9.5056075e-06,2.9586397e-06,0.026989937,6.5001615e-05,0.04064349,0.26324216,0.028047942,0.1632302,5.6312663e-05,5.2389358e-05,9.0134985e-05,0.02491407,6.6921944e-05,0.009358497,0.0017700777,4.3238637e-05,2.1392434e-05,0.00069277885,0.20218134,0.057972595,6.8547865e-06,0.06486096,4.260654e-05
0.0021090629,0.014643665,0.023059536,2.0130663e-06,0.05299224,0.016525768,0.00015660046,0.005860956,6.453698e-06,9.509483e-06,2.9733915e-06,0.02668658,6.518607e-05,0.040940344,0.26250467,0.028283356,0.1636517,5.531315e-05,5.198846e-05,9.076941e-05,0.024724754,6.5809945e-05,0.009185984,0.001772432,4.2792242e-05,2.148731e-05,0.0006915268,0.20346186,0.056899372,6.7729766e-06,0.06538627,4.2147338e-05
0.002090958,0.0145015,0.023276234,2.010719e-06,0.053020813,0.016636837,0.00015666489,0.0059613534,6.398236e-06,9.478136e-06,2.9646585e-06,0.026422093,6.502481e-05,0.041568108,0.26299375,0.028293414,0.16123223,5.399632e-05,5.14819e-05,9.1390626e-05,0.024615077,6.4310356e-05,0.008981912,0.0017669046,4.2377833e-05,2.1623146e-05,0.0006919027,0.20477696,0.055705227,6.6609596e-06,0.06684888,4.138048e-05
0.0020887554,0.014470296,0.023087561,1.973176e-06,0.052413493,0.016658038,0.0001562286,0.005848843,6.3019024e-06,9.4022e-06,2.913113e-06,0.026470387,6.465123e-05,0.040780816,0.2671252,0.028069077,0.16080952,5.227643e-05,5.1113344e-05,9.104512e-05,0.024403578,6.303e-05,0.008667452,0.0017584749,4.2030337e-05,2.1213418e-05,0.0006905802,0.20373975,0.055718336,6.432935e-06,0.06659013,4.1113595e-05
0.0021053604,0.014557033,0.02293851,1.9676156e-06,0.0522635,0.016514465,0.00015626995,0.0057766265,6.3425096e-06,9.432232e-06,2.9175947e-06,0.02667362,6.482539e-05,0.04033564,0.2652014,0.028272342,0.16312364,5.308149e-05,5.1437695e-05,9.0705995e-05,0.024349954,6.3958374e-05,0.008812013,0.0017629295,4.2296688e-05,2.1092279e-05,0.00069051696,0.20432776,0.056455888,6.489625e-06,0.065226406,4.156476e-05
0.002111389,0.014541274,0.023165897,2.0037076e-06,0.055210166,0.01642798,0.00015792473,0.005903482,6.5832824e-06,9.614229e-06,2.9955515e-06,0.026759109,6.6450506e-05,0.04152961,0.26384538,0.028375087,0.15534578,5.6958703e-05,5.273212e-05,9.108444e-05,0.0245148,6.764904e-05,0.009354055,0.0017776847,4.3335327e-05,2.191698e-05,0.00069390435,0.20452265,0.05746235,6.9689454e-06,0.06783028,4.2812564e-05
0.0021095295,0.0144867245,0.023189351,2.035087e-06,0.055963725,0.016419055,0.00015810973,0.0059310747,6.7058572e-06,9.690262e-06,3.04829e-06,0.026764227,6.703955e-05,0.041387655,0.26493743,0.028253969,0.15318157,5.9391936e-05,5.322082e-05,9.090733e-05,0.024486518,6.987311e-05,0.009658977,0.0017808188,4.37568e-05,2.2286595e-05,0.00069299573,0.20404945,0.05824264,7.2996186e-06,0.06782743,4.351564e-05
0.0021074293,0.014575765,0.023741456,2.041048e-06,0.052342407,0.016950969,0.00015627284,0.00593232,6.36053e-06,9.461096e-06,2.990728e-06,0.026491106,6.506118e-05,0.0414374,0.26401684,0.028269993,0.17112501,5.2000214e-05,5.159668e-05,9.307774e-05,0.02533584,6.330046e-05,0.008361058,0.0018040236,4.2148382e-05,2.1242122e-05,0.00069660466,0.19372095,0.055725988,6.4283167e-06,0.066751495,4.134124e-05
0.0021111781,0.014741077,0.023463756,2.0598943e-06,0.051934384,0.016858583,0.00015626087,0.00589579,6.391088e-06,9.476543e-06,2.996611e-06,0.026547242,6.4633256e-05,0.0414647,0.26195166,0.028080992,0.17422338,5.350161e-05,5.187998e-05,9.21355e-05,0.025747184,6.430359e-05,0.0087136,0.0017951595,4.2512416e-05,2.1233507e-05,0.00069493265,0.19349858,0.056185104,6.559885e-06,0.06547704,4.1757638e-05
0.0023724355,0.01479527,0.026107956,1.7748041e-06,0.05791607,0.01392929,0.00015394317,0.0064493236,6.32267e-06,9.535354e-06,2.922356e-06,0.029060094,7.017294e-05,0.0420505,0.19507986,0.040878076,0.15831803,5.0837596e-05,5.1414634e-05,9.9679426e-05,0.018506834,6.343879e-05,0.009180331,0.001916295,4.2227395e-05,2.2012795e-05,0.0007482908,0.26702198,0.056596898,6.410226e-06,0.05845195,3.978274e-05
0.002359178,0.014598855,0.026439475,1.7867359e-06,0.05852058,0.014028159,0.00015443053,0.006580888,6.368662e-06,9.577495e-06,2.9549656e-06,0.02875102,7.0603295e-05,0.042874757,0.19542527,0.04093376,0.15629743,5.0798626e-05,5.1388408e-05,0.000100574,0.018556574,6.323439e-05,0.009076274,0.0019192725,4.212977e-05,2.2322436e-05,0.00074835675,0.26644656,0.05575766,6.440508e-06,0.060063757,3.951665e-05
0.0023514356,0.014594424,0.026392167,1.7854204e-06,0.057548184,0.013998206,0.0001539202,0.006569946,6.3079056e-06,9.531815e-06,2.9403582e-06,0.028728781,7.0065995e-05,0.04246904,0.19505225,0.040909205,0.15744019,5.0343962e-05,5.1083684e-05,0.00010048375,0.018411977,6.256194e-05,0.00904673,0.0019093022,4.1901003e-05,2.2234171e-05,0.0007477869,0.2686236,0.055431683,6.402324e-06,0.059156228,3.9167408e-05
0.0023844445,0.0145506095,0.025710775,1.7688255e-06,0.05796961,0.013731957,0.00015366916,0.006299708,6.499557e-06,9.633364e-06,2.9766877e-06,0.029101703,7.127304e-05,0.04035835,0.19699351,0.040963788,0.15687712,5.370564e-05,5.1879888e-05,9.844584e-05,0.01803274,6.650566e-05,0.00952975,0.0019102352,4.270601e-05,2.210527e-05,0.00074118027,0.26931238,0.05832376,6.7667643e-06,0.05657949,4.0932955e-05
0.0023938364,0.014573434,0.025598282,1.7941969e-06,0.05840361,0.013739301,0.00015369695,0.006267594,6.616695e-06,9.701539e-06,3.0240788e-06,0.029203936,7.179667e-05,0.03986185,0.1978716,0.040804535,0.15725529,5.5796463e-05,5.2320986e-05,9.802203e-05,0.018082375,6.86794e-05,0.0098138675,0.0019187536,4.314002e-05,2.2287752e-05,0.00073895074,0.2674148,0.059508394,7.0370434e-06,0.055914,4.1704854e-05
0.0023976667,0.014636983,0.0257044,1.8027204e-06,0.059119474,0.0138389785,0.00015434602,0.0062641045,6.6685743e-06,9.744466e-06,3.0389895e-06,0.02926876,7.216183e-05,0.040422678,0.19882883,0.040570788,0.15845063,5.6025765e-05,5.2821608e-05,9.832814e-05,0.018470572,6.928394e-05,0.0097425245,0.0019320734,4.3376174e-05,2.227771e-05,0.00074019603,0.2622374,0.05974549,7.0229744e-06,0.056989484,4.2106953e-05
0.0023292264,0.01458799,0.025806123,1.8110991e-06,0.05743059,0.0141676115,0.00015457395,0.006426112,6.403732e-06,9.591365e-06,2.9655957e-06,0.028616128,6.998209e-05,0.041794457,0.20287965,0.039263494,0.15683247,5.2468928e-05,5.158729e-05,9.8929304e-05,0.018908001,6.451548e-05,0.009306041,0.0018886824,4.238411e-05,2.2254615e-05,0.00074006524,0.26256356,0.05652614,6.6258685e-06,0.05930952,4.006469e-05
0.002292154,0.014537526,0.026332498,1.823861e-06,0.05593169,0.014332816,0.00015406098,0.0066360943,6.1765477e-06,9.452339e-06,2.9243301e-06,0.028319553,6.85538e-05,0.042483076,0.20165436,0.039243292,0.1570255,4.9498387e-05,5.044987e-05,0.0001003862,0.018774332,6.0795053e-05,0.00892638,0.0018723899,4.14195e-05,2.2358256e-05,0.0007450776,0.26621777,0.054150064,6.3708135e-06,0.059912853,3.8313057e-05
0.0024238778,0.014638647,0.026413446,1.8131744e-06,0.06288173,0.013840514,0.00015592108,0.0064965943,6.8167237e-06,9.878118e-06,3.0828992e-06,0.02928672,7.383557e-05,0.042926565,0.19415136,0.04161579,0.15326242,5.6474135e-05,5.35123e-05,0.00010020901,0.01869767,7.018961e-05,0.009749228,0.0019745775,4.3865773e-05,2.2877839e-05,0.0007484159,0.26012427,0.05948869,7.0794686e-06,0.06063169,4.2364143e-05
0.0023609004,0.014513894,0.026214933,1.7790197e-06,0.059181884,0.014084317,0.00015502155,0.0065103113,6.460389e-06,9.630359e-06,2.966273e-06,0.028693382,7.1215276e-05,0.04281497,0.19803625,0.040609535,0.15470026,5.134421e-05,5.1591345e-05,0.000100005665,0.018639168,6.410558e-05,0.009121647,0.0019249326,4.2301548e-05,2.2318345e-05,0.00074400415,0.26421523,0.056270175,6.4800424e-06,0.060738966,4.0065202e-05
0.0023402232,0.01466319,0.026148802,1.8044616e-06,0.057935584,0.014301979,0.00015480047,0.0065035378,6.352092e-06,9.5658315e-06,2.943988e-06,0.028661737,6.9999776e-05,0.04282069,0.20122539,0.039636098,0.15777169,5.0560702e-05,5.1359857e-05,9.9818426e-05,0.019089438,6.298403e-05,0.009009484,0.001911278,4.2119656e-05,2.2175167e-05,0.0007441683,0.2600434,0.055852033,6.390731e-06,0.060720805,3.9636605e-05
0.0023660767,0.014649158,0.025784548,1.8032875e-06,0.05802254,0.013970794,0.00015411655,0.00637359,6.4957026e-06,9.639521e-06,2.9866142e-06,0.02892622,7.0733695e-05,0.04141335,0.19838503,0.04023389,0.15847646,5.3561555e-05,5.1841405e-05,9.8570075e-05,0.018636674,6.604527e-05,0.009546445,0.0019119866,4.2684875e-05,2.2247454e-05,0.0007406478,0.26430723,0.05771864,6.7503534e-06,0.057908468,4.0732524e-05
0.0023803941,0.014528817,0.025584633,1.8088473e-06,0.059332427,0.013886907,0.00015434842,0.006297235,6.677457e-06,9.7493075e-06,3.0403196e-06,0.029063258,7.199861e-05,0.040556215,0.20059873,0.04021114,0.15476756,5.63422e-05,5.2517356e-05,9.782309e-05,0.018381879,6.923022e-05,0.009862899,0.0019188354,4.3306143e-05,2.249002e-05,0.0007370619,0.26420665,0.05950441,7.105005e-06,0.057542536,4.1933305e-05
0.002395106,0.014688973,0.025964262,1.8138321e-06,0.061795812,0.014145439,0.0001564734,0.0063605164,6.7591377e-06,9.8352275e-06,3.0483984e-06,0.029125387,7.2993535e-05,0.042720903,0.20195405,0.039931457,0.15503505,5.5508848e-05,5.3462478e-05,9.917624e-05,0.019355398,6.9270354e-05,0.009540434,0.0019563998,4.3738128e-05,2.250488e-05,0.0007432794,0.25273356,0.05931538,6.8969343e-06,0.06159474,4.2443775e-05
0.0023710057,0.01463154,0.025863914,1.7893551e-06,0.058762252,0.014024526,0.00015462203,0.006377031,6.5086633e-06,9.653505e-06,2.9781672e-06,0.028925272,7.11088e-05,0.04191325,0.19902764,0.04027486,0.15741606,5.28777e-05,5.1985033e-05,9.890007e-05,0.01875415,6.5730914e-05,0.009372529,0.0019213363,4.268492e-05,2.2181715e-05,0.00074152526,0.26228416,0.057567768,6.636541e-06,0.059142705,4.0773102e-05
0.0023684555,0.014632105,0.025647286,1.7857726e-06,0.058051355,0.014033538,0.0001543129,0.0062986994,6.492635e-06,9.634059e-06,2.970091e-06,0.028930197,7.0853166e-05,0.04128279,0.2006226,0.03997863,0.1586196,5.2901036e-05,5.1885556e-05,9.830053e-05,0.018743765,6.5763925e-05,0.0093846,0.0019139625,4.2634776e-05,2.2024604e-05,0.0007389423,0.26192635,0.05782713,6.6283346e-06,0.05837287,4.0867213e-05
0.0023948683,0.015521514,0.03011923,2.0465138e-06,0.07729882,0.016134612,0.00016422599,0.0074882014,6.8258064e-06,1.013482e-05,3.1752518e-06,0.029450629,7.6077e-05,0.055090696,0.206611,0.037931785,0.14264868,5.143893e-05,5.706257e-05,0.00011077999,0.023981413,6.854747e-05,0.007756544,0.0021578898,4.546059e-05,2.4441728e-05,0.00079327077,0.19880976,0.057662,6.5789663e-06,0.08747993,4.2263873e-05
0.0024006336,0.015360062,0.028319282,1.917881e-06,0.07487304,0.015173368,0.00016310962,0.007085146,6.916917e-06,1.0078568e-05,3.0887084e-06,0.02921568,7.569531e-05,0.053807832,0.2022325,0.03868493,0.1423991,5.3388078e-05,5.6540684e-05,0.000105826606,0.022920337,6.912219e-05,0.008578135,0.002086371,4.5366556e-05,2.3765695e-05,0.00077472674,0.21558458,0.057624906,6.5319646e-06,0.0822152,4.2847376e-05
0.0023533108,0.015642283,0.027670873,2.0140715e-06,0.07556368,0.015274519,0.00016341844,0.0070770015,7.0467145e-06,1.0140584e-05,3.1473169e-06,0.028958548,7.448058e-05,0.055045642,0.2052892,0.0366362,0.14255828,5.833884e-05,5.753591e-05,0.00010381344,0.024455737,7.274317e-05,0.0094070425,0.002044859,4.6436657e-05,2.4292658e-05,0.0007665597,0.20891635,0.058413837,7.0650913e-06,0.0832519,4.3729917e-05
0.0023651572,0.01545494,0.027946329,2.0014163e-06,0.077982634,0.015111562,0.00016378137,0.007147846,7.1824556e-06,1.0231378e-05,3.1840268e-06,0.02889345,7.5827855e-05,0.055827297,0.20211643,0.037361603,0.13911967,5.929144e-05,5.7878147e-05,0.00010441391,0.024095872,7.411045e-05,0.0094719045,0.0020651266,4.6636575e-05,2.4622315e-05,0.0007666786,0.21012896,0.05863349,7.1833533e-06,0.08483049,4.4145316e-05
0.0023638962,0.015547746,0.02831779,2.007217e-06,0.077794984,0.0153121315,0.00016397341,0.007219986,7.080919e-06,1.0183811e-05,3.1615564e-06,0.028879488,7.54319e-05,0.056921456,0.20180206,0.037282947,0.14164926,5.7046604e-05,5.7707657e-05,0.000105515144,0.024607215,7.2126495e-05,0.009068734,0.002079956,4.6312176e-05,2.4428367e-05,0.00077082135,0.20545673,0.057725497,6.911693e-06,0.08652382,4.3522195e-05
0.002338218,0.015685385,0.028351199,2.026411e-06,0.07733446,0.015561695,0.00016404275,0.0072704735,6.9360813e-06,1.0097263e-05,3.1220343e-06,0.028884443,7.437778e-05,0.05721256,0.20552403,0.036300454,0.14017004,5.5708562e-05,5.750392e-05,0.000105717794,0.02495348,7.067311e-05,0.008841033,0.0020656113,4.6145014e-05,2.4372946e-05,0.0007734833,0.20275548,0.05715244,6.787682e-06,0.088155106,4.2922024e-05
0.0025430284,0.014749817,0.027749855,2.1179326e-06,0.101203084,0.014442145,0.00016525919,0.0068705888,9.071399e-06,1.1294891e-05,3.7609177e-06,0.029994147,8.887616e-05,0.052259836,0.20198464,0.038989555,0.11872717,8.655433e-05,6.4982116e-05,0.00010253884,0.022714032,0.00010816274,0.011510187,0.0022443947,5.2753712e-05,2.7159349e-05,0.00075137016,0.19240984,0.07389757,1.051037e-05,0.08617058,5.5106288e-05
0.0023702302,0.015809951,0.029210865,2.0606724e-06,0.08066075,0.015877213,0.00016540482,0.0074155997,7.000612e-06,1.0188308e-05,3.1614143e-06,0.029097525,7.5797136e-05,0.058940254,0.20451699,0.036577944,0.1402327,5.4929915e-05,5.8355494e-05,0.000108229826,0.025726693,7.1170805e-05,0.008418789,0.002130506,4.6612102e-05,2.456086e-05,0.00078420975,0.19170552,0.057648003,6.7210945e-06,0.09219868,4.332846e-05
0.002376932,0.015780829,0.029007759,2.0437824e-06,0.08211477,0.015720775,0.00016555714,0.0073756445,7.0995206e-06,1.0238072e-05,3.1677553e-06,0.029057251,7.63543e-05,0.05970064,0.2025125,0.036775902,0.13902085,5.582267e-05,5.871237e-05,0.0001077026,0.025798608,7.220791e-05,0.008552618,0.002134801,4.6849287e-05,2.4560279e-05,0.0007809388,0.19169311,0.057840314,6.7524024e-06,0.093074985,4.3748536e-05
0.0026027826,0.014695502,0.02766686,2.1096967e-06,0.10647503,0.013955055,0.00016381599,0.0067508756,9.467646e-06,1.1520338e-05,3.8762205e-06,0.030548157,9.173317e-05,0.050750494,0.19565032,0.04065766,0.115940094,9.4007395e-05,6.6142115e-05,0.000101729434,0.021855583,0.00011738895,0.012255435,0.0022884912,5.397495e-05,2.7547838e-05,0.0007474772,0.19480877,0.07841324,1.1428202e-05,0.08312585,5.759417e-05
0.0023773997,0.015707202,0.029793408,2.0715156e-06,0.081142426,0.015580942,0.00016473931,0.0076466557,7.0465217e-06,1.0233092e-05,3.2038304e-06,0.028998878,7.613082e-05,0.060184397,0.19530155,0.038091578,0.14123528,5.5465902e-05,5.802613e-05,0.00010961066,0.025101786,7.1159135e-05,0.008609197,0.0021441474,4.643782e-05,2.501637e-05,0.00078705314,0.19874977,0.05670965,6.836591e-06,0.09116009,4.2695177e-05
0.002399481,0.011724588,0.027083164,2.156498e-06,0.14955851,0.028181067,0.0001611676,0.006763337,6.6586676e-06,1.0096123e-05,3.5501178e-06,0.028104149,7.458407e-05,0.0281483,0.1877896,0.0418535,0.11975115,2.9672346e-05,5.1100564e-05,0.00010825059,0.022222959,5.8159767e-05,0.003523843,0.0019589409,3.5106004e-05,2.452363e-05,0.0007580026,0.17834467,0.08673744,7.272582e-06,0.074481085,4.3977398e-05
0.002338233,0.014993504,0.027861372,1.8800972e-06,0.0604414,0.015043834,0.00015667672,0.0070154215,6.142969e-06,9.53239e-06,2.9406428e-06,0.029201766,7.0259e-05,0.044640988,0.20319486,0.03959214,0.15072161,4.739367e-05,5.152754e-05,0.00010492698,0.019223025,6.0590322e-05,0.008195538,0.0019646997,4.2148502e-05,2.2878206e-05,0.0007723174,0.2537517,0.05488511,6.253212e-06,0.06554092,3.839693e-05
0.0023171124,0.014944232,0.02879884,1.9682645e-06,0.06384401,0.016088182,0.00015880456,0.0071834517,6.2195904e-06,9.681626e-06,3.0312788e-06,0.029192813,7.139229e-05,0.04543055,0.21577872,0.037851606,0.1468308,4.6742807e-05,5.2465613e-05,0.00010772341,0.020429479,6.1509505e-05,0.007534578,0.0020139082,4.240634e-05,2.3418288e-05,0.0007786702,0.23289894,0.055905577,6.356557e-06,0.07154787,3.897939e-05
0.0023485343,0.015087497,0.027848367,1.8780713e-06,0.061013356,0.014955474,0.00015695188,0.0070042876,6.176138e-06,9.551213e-06,2.9406106e-06,0.029306551,7.040793e-05,0.04513693,0.2012406,0.03977305,0.15151751,4.7834103e-05,5.1854495e-05,0.0001048599,0.019384503,6.1071216e-05,0.008298278,0.001970904,4.2386993e-05,2.2868837e-05,0.00077329355,0.2528515,0.05511151,6.2614135e-06,0.065754116,3.867644e-05
0.0023504754,0.014879972,0.027459817,1.8274088e-06,0.059698414,0.014565562,0.00015572006,0.0068930252,6.17349e-06,9.503542e-06,2.91908e-06,0.029129528,7.029598e-05,0.04427274,0.19749124,0.040592037,0.1521689,4.7777266e-05,5.128163e-05,0.00010362326,0.018741278,6.0630602e-05,0.008453618,0.0019499316,4.1948435e-05,2.2623872e-05,0.0007662025,0.26184055,0.054670263,6.2102904e-06,0.0634574,3.8472946e-05
0.0023216323,0.014840164,0.027328005,1.8390141e-06,0.05927122,0.014566063,0.00015553144,0.0069550266,6.127645e-06,9.466853e-06,2.9072562e-06,0.028894339,6.954841e-05,0.044507228,0.19788037,0.04007112,0.15004453,4.7978858e-05,5.0905026e-05,0.00010312423,0.018718882,6.0168237e-05,0.0086027095,0.0019247035,4.1788084e-05,2.2810449e-05,0.0007636632,0.26503143,0.05403447,6.2683407e-06,0.06362805,3.800326e-05
0.002345448,0.014747194,0.02845848,1.8687293e-06,0.06010864,0.0151862465,0.0001563277,0.007097722,6.086275e-06,9.522992e-06,2.9556359e-06,0.02931792,7.092674e-05,0.04333187,0.2028242,0.040501058,0.14878626,4.562091e-05,5.1037478e-05,0.000106793974,0.018376095,5.945284e-05,0.00777911,0.0019883788,4.1548374e-05,2.2964608e-05,0.0007774804,0.25837025,0.054712635,6.2034283e-06,0.06467176,3.7933474e-05
0.0023479038,0.014697726,0.02839141,1.848413e-06,0.05933196,0.0148383165,0.00015536755,0.0071167834,6.067994e-06,9.480202e-06,2.9426415e-06,0.029206567,7.050482e-05,0.043460403,0.19731702,0.041300476,0.15033765,4.5806748e-05,5.0566407e-05,0.000106168365,0.01805396,5.900693e-05,0.007992108,0.001974934,4.1298696e-05,2.2944201e-05,0.00077497744,0.26502928,0.05411384,6.1932305e-06,0.063098855,3.760777e-05
0.0023225078,0.01467978,0.027069215,1.8194037e-06,0.057445053,0.014639593,0.00015472373,0.0067859003,6.1070646e-06,9.42744e-06,2.9044334e-06,0.028825982,6.940002e-05,0.042868763,0.20171767,0.039905757,0.15364791,4.7204365e-05,5.049431e-05,0.00010241958,0.018516922,5.9619746e-05,0.008395154,0.0019203873,4.1379553e-05,2.2401586e-05,0.0007580227,0.26387417,0.054239307,6.172686e-06,0.061775748,3.8095695e-05
0.0023052972,0.014750778,0.027651248,1.8531338e-06,0.056856822,0.014652459,0.00015434656,0.007067788,5.9313115e-06,9.347607e-06,2.8915288e-06,0.028837193,6.815361e-05,0.043048173,0.19839926,0.040127933,0.1518358,4.647593e-05,4.981187e-05,0.00010387583,0.018187873,5.8035275e-05,0.008365636,0.0019013443,4.1050673e-05,2.279497e-05,0.0007657622,0.2702296,0.053286497,6.235228e-06,0.061122905,3.6829566e-05
0.0023214766,0.014769677,0.027115317,1.826803e-06,0.056723513,0.014695249,0.00015457284,0.006798261,6.0260963e-06,9.378799e-06,2.8885304e-06,0.02893372,6.883025e-05,0.042390116,0.20255852,0.039710276,0.15470904,4.676542e-05,5.0308234e-05,0.00010252031,0.018504633,5.900556e-05,0.008343134,0.0019130944,4.128589e-05,2.2327338e-05,0.00076009694,0.26389024,0.054289807,6.153688e-06,0.060964156,3.7867238e-05
0.002294383,0.014717229,0.026988562,1.8170126e-06,0.055926397,0.014359847,0.00015357928,0.006904579,5.938706e-06,9.2978225e-06,2.8566544e-06,0.028681459,6.776781e-05,0.042672023,0.19660549,0.04013007,0.15211022,4.7079924e-05,4.952446e-05,0.00010179646,0.018048907,5.8067406e-05,0.008729209,0.0018745185,4.0918145e-05,2.256551e-05,0.00075778645,0.2757246,0.05313456,6.2256513e-06,0.05973572,3.701631e-05
0.0023365426,0.01470765,0.027244389,1.8027389e-06,0.05662817,0.0144407535,0.00015402242,0.0068172384,6.0115312e-06,9.363789e-06,2.8816148e-06,0.028991602,6.906167e-05,0.042221107,0.19744506,0.040844128,0.15467785,4.6481946e-05,5.005443e-05,0.00010282283,0.018026266,5.8651414e-05,0.00838897,0.0019169177,4.110354e-05,2.2314876e-05,0.00076195237,0.27004635,0.054072533,6.125955e-06,0.059824158,3.7653102e-05
0.0023425901,0.014855487,0.028450437,1.8737243e-06,0.058315266,0.0150721185,0.00015505274,0.007135685,5.9471126e-06,9.408689e-06,2.9297107e-06,0.029340927,6.947017e-05,0.04266658,0.20089893,0.0405702,0.15233874,4.522778e-05,5.028135e-05,0.0001060545,0.018292936,5.8242564e-05,0.007898427,0.0019633318,4.1139854e-05,2.2850942e-05,0.0007771632,0.261847,0.05446649,6.194832e-06,0.062155508,3.736144e-05
0.002328166,0.014724724,0.02688793,1.8064978e-06,0.055428527,0.014624243,0.00015361333,0.0066964724,5.9729814e-06,9.324555e-06,2.8679292e-06,0.029008891,6.8491965e-05,0.041167103,0.20256329,0.039896436,0.1568894,4.6088655e-05,4.990106e-05,0.00010194778,0.018130187,5.8437476e-05,0.008255932,0.0019076674,4.096603e-05,2.2003012e-05,0.0007579595,0.26672977,0.0544274,6.0775587e-06,0.058970645,3.771906e-05
0.0023374732,0.014901585,0.027833918,1.8491692e-06,0.05802351,0.014590315,0.00015495034,0.007041457,6.0282932e-06,9.40961e-06,2.9112998e-06,0.029118957,6.918888e-05,0.043729786,0.1949133,0.040903926,0.15415163,4.6983667e-05,5.047351e-05,0.0001042587,0.018433195,5.9048747e-05,0.008452151,0.001936266,4.149217e-05,2.278728e-05,0.00077013834,0.26677263,0.05393019,6.2379654e-06,0.061546348,3.7597652e-05
0.002323822,0.014892366,0.027324982,1.8553096e-06,0.056422826,0.014824894,0.00015462589,0.006851792,6.002238e-06,9.3745275e-06,2.9029718e-06,0.029037599,6.853049e-05,0.04247357,0.20227578,0.03962825,0.15752171,4.6777208e-05,5.0332535e-05,0.00010302323,0.018743174,5.8914826e-05,0.00833438,0.0019203555,4.1362196e-05,2.2405091e-05,0.0007634852,0.2609938,0.05440063,6.191022e-06,0.060656462,3.7832164e-05
0.00226341,0.013683066,0.027770681,2.2517472e-06,0.059830815,0.01420485,0.0001515204,0.00758138,7.387949e-06,1.0121278e-05,3.6306906e-06,0.027634501,7.345715e-05,0.040709402,0.19696428,0.040070787,0.14256056,7.542927e-05,5.271087e-05,0.00010041571,0.017376889,8.070329e-05,0.012894351,0.0019106058,4.4104207e-05,2.7748134e-05,0.00073422695,0.28006846,0.058796108,1.0787358e-05,0.054262538,4.2765532e-05
0.0022372021,0.013611414,0.02792721,2.2699105e-06,0.05969125,0.014320777,0.00015202689,0.007712924,7.34888e-06,1.0112423e-05,3.629355e-06,0.02732114,7.303783e-05,0.04161152,0.19743241,0.03972218,0.1415652,7.449955e-05,5.245658e-05,0.000101030295,0.017555421,7.932765e-05,0.012797756,0.0019009489,4.3871893e-05,2.7983486e-05,0.0007346218,0.28017002,0.05753246,1.0705158e-05,0.055475123,4.2132364e-05
0.0022515839,0.01401931,0.02736977,2.2359811e-06,0.059031237,0.014397169,0.00015220784,0.007449466,7.178097e-06,1.0014514e-05,3.5224825e-06,0.02771439,7.188027e-05,0.041413106,0.20040181,0.038897872,0.145938,7.2169445e-05,5.261973e-05,9.996981e-05,0.018180896,7.796705e-05,0.012489859,0.0018920788,4.4038865e-05,2.7008804e-05,0.0007364337,0.27339482,0.05828311,1.0143187e-05,0.05546603,4.21739e-05
0.0023179362,0.0139617575,0.027069975,2.254763e-06,0.065165944,0.014194558,0.00015265754,0.0072241,7.770424e-06,1.0377807e-05,3.697185e-06,0.028462933,7.608865e-05,0.039890017,0.20577693,0.03924704,0.1350087,8.2831815e-05,5.511309e-05,9.853511e-05,0.01779563,8.980922e-05,0.013436644,0.0019450069,4.6231457e-05,2.7790255e-05,0.0007326867,0.26663208,0.06444269,1.1577346e-05,0.055984505,4.6068744e-05
0.0022489796,0.01386841,0.027691098,2.2659374e-06,0.061011232,0.014378198,0.00015240442,0.007606894,7.343094e-06,1.01160595e-05,3.5977268e-06,0.027618175,7.30157e-05,0.041880194,0.20028062,0.03910737,0.14035454,7.488949e-05,5.3017204e-05,0.00010055046,0.017981397,8.035856e-05,0.0127882045,0.0019033646,4.435621e-05,2.7759206e-05,0.00073685555,0.2745135,0.058679555,1.0636691e-05,0.056668464,4.26084e-05
0.0022493242,0.0138817,0.027687343,2.2780948e-06,0.061496716,0.014426564,0.00015276825,0.007600076,7.3902957e-06,1.0152998e-05,3.6120655e-06,0.027641091,7.323891e-05,0.042068947,0.20150156,0.03891157,0.13989134,7.563327e-05,5.3320415e-05,0.00010059062,0.018120324,8.1176084e-05,0.012829294,0.0019073226,4.4583303e-05,2.7850205e-05,0.00073703285,0.2721723,0.05902362,1.0730239e-05,0.05716762,4.2908807e-05
0.0022256526,0.013979424,0.02737195,2.2665613e-06,0.060205482,0.014552668,0.00015282308,0.0075342134,7.224251e-06,1.0050168e-05,3.5396047e-06,0.027527828,7.194765e-05,0.042175494,0.2045789,0.038032643,0.1408666,7.331759e-05,5.2868945e-05,0.00010003104,0.018433668,7.875197e-05,0.01259342,0.0018819489,4.426766e-05,2.7448408e-05,0.0007361203,0.2709597,0.05812114,1.03465445e-05,0.05754608,4.2212992e-05
0.0022632722,0.013979577,0.027390126,2.2867569e-06,0.0635639,0.014445217,0.00015315699,0.007471769,7.5322737e-06,1.0242231e-05,3.6386407e-06,0.027935183,7.414008e-05,0.04169865,0.20566648,0.038421612,0.13607447,7.868895e-05,5.423361e-05,9.9758574e-05,0.01826166,8.469009e-05,0.013072676,0.0019166602,4.5405366e-05,2.7949063e-05,0.0007359613,0.26743683,0.061027106,1.1079594e-05,0.057941947,4.4124674e-05
0.0022506015,0.013966668,0.027403915,2.2673728e-06,0.059811976,0.0144198965,0.0001521304,0.0074845366,7.296115e-06,1.008311e-05,3.5788166e-06,0.027703235,7.250595e-05,0.04129396,0.20130953,0.0388077,0.14376602,7.442612e-05,5.3019026e-05,0.00010004514,0.018102122,8.0075275e-05,0.012733356,0.0019000283,4.4353754e-05,2.7385558e-05,0.0007354086,0.27313757,0.058870155,1.0517072e-05,0.05562298,4.2652922e-05
0.002189827,0.014606958,0.0270443,2.225991e-06,0.054135174,0.014959072,0.00015275512,0.007409085,6.582142e-06,9.669144e-06,3.3000013e-06,0.02724035,6.71043e-05,0.043915235,0.20098643,0.03689076,0.16298822,6.227501e-05,5.1065548e-05,0.00010021585,0.020241195,6.8005014e-05,0.011403103,0.0018481194,4.2623917e-05,2.5467758e-05,0.000739222,0.262038,0.053857744,8.54902e-06,0.056868,3.934841e-05
0.0020853656,0.015263294,0.023432158,2.036685e-06,0.053025987,0.016593868,0.00015637005,0.006046787,6.044555e-06,9.277651e-06,2.8475092e-06,0.027150445,6.27502e-05,0.042176176,0.26105,0.027918639,0.15868205,5.2332045e-05,5.139974e-05,9.2118025e-05,0.024872199,6.222905e-05,0.008978829,0.0017379,4.251888e-05,2.156516e-05,0.00070933904,0.20673867,0.055731356,6.49586e-06,0.0671988,4.0121387e-05
0.0020409871,0.015230795,0.02274763,2.0602358e-06,0.051588543,0.016533138,0.00015566294,0.0059366976,6.0293874e-06,9.243275e-06,2.8376726e-06,0.026893554,6.160335e-05,0.041213997,0.2670313,0.026799925,0.15674937,5.4400916e-05,5.126758e-05,9.008843e-05,0.024981657,6.31453e-05,0.00945106,0.0016897293,4.2566124e-05,2.1626563e-05,0.0006999984,0.20824423,0.05588802,6.7522005e-06,0.06567184,4.0207015e-05
0.002072575,0.015329847,0.022549162,2.0261734e-06,0.052319687,0.01631579,0.00015585349,0.0058050966,6.0815214e-06,9.285107e-06,2.8260347e-06,0.027303178,6.228125e-05,0.040596005,0.26565886,0.027214374,0.15641291,5.4997305e-05,5.178194e-05,8.967722e-05,0.024662519,6.4446125e-05,0.009512429,0.0017018581,4.298859e-05,2.139114e-05,0.0007012156,0.20914318,0.057293702,6.7550645e-06,0.06479633,4.09261e-05
0.0021268374,0.015411352,0.022541009,2.1080764e-06,0.05642641,0.016082883,0.00015626814,0.0057448056,6.5771337e-06,9.60263e-06,3.004493e-06,0.027996385,6.527889e-05,0.03952874,0.26642552,0.027472211,0.15094501,6.4281056e-05,5.4382526e-05,8.901904e-05,0.024475817,7.4417e-05,0.010576255,0.001748488,4.517702e-05,2.2288297e-05,0.00070170045,0.20464621,0.06261934,7.916978e-06,0.06388623,4.4517947e-05
0.0020783083,0.0151892565,0.022996625,2.063414e-06,0.0541827,0.01623896,0.00015658187,0.00597032,6.278464e-06,9.425324e-06,2.915041e-06,0.027288992,6.370142e-05,0.041371252,0.26232496,0.02772349,0.1520681,5.7906513e-05,5.2498293e-05,9.0631656e-05,0.024441872,6.70081e-05,0.009912695,0.0017212387,4.3495314e-05,2.2176833e-05,0.0007040108,0.21147203,0.057627287,7.177346e-06,0.06606441,4.1615287e-05
0.0020532352,0.0152740795,0.023108725,2.0449072e-06,0.053144895,0.016523765,0.00015665755,0.0060308236,6.026169e-06,9.266533e-06,2.8266047e-06,0.027021358,6.218721e-05,0.042304467,0.26482448,0.027220085,0.1531176,5.3624317e-05,5.1486317e-05,9.126808e-05,0.024950603,6.275288e-05,0.009286094,0.0017043977,4.2680887e-05,2.1785048e-05,0.0007062797,0.20844217,0.055680208,6.652047e-06,0.0679975,4.002789e-05
0.0020277752,0.015186133,0.023015942,2.0621037e-06,0.051620837,0.01687868,0.00015597377,0.0059684776,5.930174e-06,9.1853235e-06,2.8127752e-06,0.026723059,6.134951e-05,0.041681554,0.27246642,0.026328597,0.15647176,5.189087e-05,5.0945724e-05,9.108035e-05,0.02546134,6.117511e-05,0.008859164,0.0016951206,4.218159e-05,2.1455751e-05,0.00070262,0.20120421,0.055055793,6.467257e-06,0.06805038,3.9603456e-05
0.002054845,0.015181273,0.023309685,2.0382881e-06,0.05285335,0.01677885,0.00015649284,0.006022966,5.9644394e-06,9.229248e-06,2.8172567e-06,0.026947971,6.2214094e-05,0.04204726,0.2683746,0.027114775,0.15461273,5.150504e-05,5.1160696e-05,9.202429e-05,0.024999999,6.136825e-05,0.0087491125,0.0017175095,4.2327556e-05,2.152261e-05,0.0007077697,0.20389447,0.055305433,6.417598e-06,0.068722725,3.9677074e-05
0.002020214,0.015171516,0.022891881,2.0311577e-06,0.050139662,0.016796468,0.00015509399,0.005926897,5.764897e-06,9.06521e-06,2.7546635e-06,0.026793392,6.0549744e-05,0.040349755,0.27379608,0.02642376,0.15529817,5.025445e-05,5.0036622e-05,9.0748945e-05,0.024567943,5.935692e-05,0.008728807,0.0016749025,4.1642183e-05,2.1235022e-05,0.00070396956,0.20742108,0.054751903,6.3244584e-06,0.06594987,3.8860566e-05
0.0020405047,0.015112026,0.022900492,2.0120647e-06,0.050806694,0.016669925,0.00015538308,0.0058922125,5.872547e-06,9.135289e-06,2.7790309e-06,0.026868219,6.13596e-05,0.040525697,0.2708153,0.026878878,0.15663785,5.092345e-05,5.0451516e-05,9.069052e-05,0.0245505,6.0354636e-05,0.008792858,0.0016919994,4.185682e-05,2.1198151e-05,0.00070219825,0.20740777,0.055178262,6.348568e-06,0.065930866,3.9445535e-05
0.002032599,0.015153898,0.0226409,2.006275e-06,0.050428137,0.016416255,0.00015536298,0.0058736727,5.872196e-06,9.129892e-06,2.7687333e-06,0.026907437,6.105701e-05,0.04020587,0.26866743,0.026938068,0.15471148,5.2303283e-05,5.044196e-05,8.98662e-05,0.024209267,6.093149e-05,0.009232453,0.0016701558,4.199798e-05,2.1341793e-05,0.0007008247,0.21374877,0.055302322,6.512456e-06,0.06456134,3.9518716e-05
0.002111532,0.01518544,0.022363137,2.0564569e-06,0.05461068,0.01595968,0.00015594739,0.0056987205,6.4506853e-06,9.516309e-06,2.9522096e-06,0.02778401,6.474899e-05,0.038515963,0.26741967,0.027673526,0.1495489,6.22124e-05,5.334987e-05,8.866542e-05,0.023610756,7.187593e-05,0.010430124,0.0017237859,4.44701e-05,2.208729e-05,0.00069895433,0.21220286,0.061451584,7.693661e-06,0.062374912,4.3631477e-05
0.0020491707,0.014922722,0.022774037,2.0758598e-06,0.05483178,0.016087446,0.00015653671,0.0059831715,6.3368357e-06,9.444e-06,2.9375246e-06,0.027102856,6.393334e-05,0.040143304,0.26919267,0.027289415,0.14070527,6.10838e-05,5.2420182e-05,8.963474e-05,0.0234807,6.916007e-05,0.010468666,0.001686923,4.37479e-05,2.2857283e-05,0.00070054,0.21770447,0.058550376,7.713675e-06,0.06569646,4.2076917e-05
0.0020130367,0.015141575,0.023149712,2.0540504e-06,0.0518243,0.016625185,0.00015624007,0.0060988287,5.9071267e-06,9.171291e-06,2.803356e-06,0.026694743,6.127068e-05,0.042106766,0.2682913,0.026739892,0.15087962,5.2702948e-05,5.068968e-05,9.116519e-05,0.024784887,6.093945e-05,0.00926064,0.0016752804,4.2104057e-05,2.1953414e-05,0.00070527266,0.21099696,0.05433785,6.621753e-06,0.06807126,3.922621e-05
0.0020604301,0.015051115,0.023895552,2.050077e-06,0.05214828,0.016821023,0.00015616407,0.0061578355,5.929843e-06,9.216057e-06,2.8440684e-06,0.026942221,6.240052e-05,0.04189245,0.26523155,0.027721494,0.15715334,5.052967e-05,5.06888e-05,9.341627e-05,0.02458233,6.0237166e-05,0.008581738,0.0017303707,4.1870277e-05,2.1736705e-05,0.00071209716,0.2061585,0.054623988,6.4022006e-06,0.067932986,3.919322e-05
0.0020440123,0.0151720885,0.023635382,2.0629964e-06,0.05201637,0.01681409,0.00015616193,0.006173101,5.8908067e-06,9.178002e-06,2.8227735e-06,0.026865909,6.164202e-05,0.042206958,0.26600903,0.02725538,0.15538321,5.1154715e-05,5.0608724e-05,9.257452e-05,0.024828747,6.023281e-05,0.008820984,0.001708127,4.1985248e-05,2.181053e-05,0.00071040733,0.20723048,0.054455087,6.4698097e-06,0.06806893,3.90242e-05
0.0020924967,0.014921542,0.024152333,2.036969e-06,0.051655136,0.017008334,0.00015541931,0.0060797906,5.9093336e-06,9.215107e-06,2.8623344e-06,0.02712912,6.296212e-05,0.040342744,0.26714382,0.028258247,0.16154596,4.8771766e-05,5.032768e-05,9.4325886e-05,0.02408448,5.9657854e-05,0.008060896,0.0017636317,4.154198e-05,2.1353737e-05,0.00071346987,0.20288701,0.05551184,6.2619615e-06,0.06604918,3.927231e-05
0.0020939093,0.014882561,0.024020255,2.013589e-06,0.052000925,0.017053017,0.000155464,0.005985752,5.9253603e-06,9.213842e-06,2.8469042e-06,0.027204033,6.330018e-05,0.039969802,0.2713585,0.027965104,0.15972863,4.837866e-05,5.0524606e-05,9.4000716e-05,0.024105448,5.98196e-05,0.007904958,0.0017687699,4.151715e-05,2.116034e-05,0.0007114841,0.19994853,0.055930045,6.181705e-06,0.06676825,3.9623195e-05
0.0020727366,0.015000092,0.023368502,2.0233906e-06,0.05036844,0.016784294,0.00015523065,0.0059129153,5.9243594e-06,9.183093e-06,2.8294835e-06,0.026995918,6.2184205e-05,0.04006119,0.26826507,0.027590523,0.16339737,5.00492e-05,5.0418414e-05,9.209088e-05,0.024431963,6.009823e-05,0.008468653,0.0017291479,4.1706953e-05,2.111061e-05,0.0007054317,0.20418537,0.055339675,6.288982e-06,0.06472393,3.9586554e-05
0.002039996,0.015177475,0.022474054,2.042289e-06,0.048946414,0.016829625,0.0001548509,0.00572533,5.905001e-06,9.123709e-06,2.7982428e-06,0.02680412,6.0796046e-05,0.039477665,0.2746559,0.026141338,0.16587465,5.1546525e-05,5.0530245e-05,8.945624e-05,0.025384385,6.0780338e-05,0.008849022,0.0016898578,4.193261e-05,2.0809048e-05,0.0006949735,0.19946724,0.05570222,6.37634e-06,0.06346874,4.006511e-05
0.0020593943,0.015105682,0.022906287,2.0246046e-06,0.050266754,0.016503287,0.00015532106,0.00590707,5.9483064e-06,9.19359e-06,2.8177021e-06,0.026955936,6.1643106e-05,0.040322214,0.2652345,0.027454413,0.16071598,5.20469e-05,5.0587947e-05,9.082973e-05,0.02434047,6.110218e-05,0.009042869,0.0016989427,4.2045125e-05,2.128692e-05,0.00070217636,0.21098939,0.055289052,6.483741e-06,0.06390463,3.9611394e-05
0.002040251,0.015028654,0.022500742,2.0176487e-06,0.050204724,0.016515747,0.00015546291,0.005833108,5.973417e-06,9.184312e-06,2.8072025e-06,0.026796622,6.1500206e-05,0.03993401,0.27030522,0.026819643,0.15705879,5.295893e-05,5.0590083e-05,8.953903e-05,0.024412578,6.1654944e-05,0.009247749,0.0016788354,4.2134005e-05,2.1313414e-05,0.000696222,0.2107035,0.055507846,6.5782137e-06,0.064114094,3.9949507e-05
0.0020605663,0.0151317585,0.022991095,2.040235e-06,0.05047293,0.016755315,0.00015543947,0.005902577,5.9512854e-06,9.186903e-06,2.826169e-06,0.026889361,6.16771e-05,0.04052755,0.26838022,0.027108207,0.1625001,5.144118e-05,5.0646748e-05,9.1030444e-05,0.024886983,6.0899678e-05,0.008815442,0.0017114982,4.2045533e-05,2.1186932e-05,0.0007021262,0.20431529,0.055388328,6.4092e-06,0.06486012,3.9779898e-05
0.0020975005,0.015268951,0.02321211,2.0337725e-06,0.050237283,0.016733548,0.00015492902,0.005858967,5.930156e-06,9.180042e-06,2.8304023e-06,0.027237413,6.196259e-05,0.03992307,0.26494822,0.027755149,0.16849005,5.0537685e-05,5.066653e-05,9.172139e-05,0.024748996,6.074217e-05,0.008581527,0.001739374,4.2042182e-05,2.0879823e-05,0.0007065942,0.20247845,0.056159895,6.2946433e-06,0.06322319,3.993207e-05
