0.0001707799,0.05842293,0.0072810864,0.00011390577,0.0045863944,0.02775698,0.009114911,0.0043128706,0.0014095444,0.008636384,0.017474528,0.00036654976,0.015231721,0.0029172546,0.031105915,0.10000191,0.029737975,0.0048119877,0.0053305854,0.034113444,0.0067653693,0.0006074798,0.0008477361,0.0005153849,0.32687506,0.02393914,0.0007595206,0.00024887174,0.033004522,0.22711143,0.011167835,0.0052599725
0.00017761858,0.057488035,0.007361637,0.00012316722,0.004517663,0.02858744,0.009418566,0.0043367287,0.0014244199,0.009081375,0.018590195,0.00038831515,0.015875846,0.0029360598,0.030804379,0.10007745,0.0317243,0.004903657,0.005486548,0.034694344,0.006825429,0.0006410856,0.00086644705,0.0005407133,0.32309723,0.021936322,0.00080021,0.0002653201,0.034552626,0.22564057,0.011263432,0.005572959
0.00018287,0.056779735,0.0074246293,0.0001305346,0.0044265813,0.029109357,0.009657995,0.0043323445,0.0014261148,0.009371827,0.019505752,0.00040806964,0.016275443,0.0029083407,0.030494893,0.09825083,0.033692274,0.0049475227,0.0055353143,0.03509017,0.0067918645,0.0006683597,0.0008805793,0.00056552916,0.32166588,0.020091347,0.0008362858,0.0002783137,0.03511577,0.22606994,0.011250256,0.0058352854
0.00023670214,0.054928467,0.0080824625,0.00019024067,0.0040200143,0.031443585,0.011653246,0.0042924704,0.0014859933,0.01011856,0.024440132,0.0006217256,0.019395256,0.0027806722,0.025819743,0.078374416,0.048010875,0.0054932726,0.0057688807,0.04066823,0.0068870685,0.00090731395,0.0010165273,0.0008267935,0.30740178,0.012302546,0.0011620825,0.0003993901,0.034237176,0.23795728,0.0109787155,0.008098478
0.00022025274,0.0549679,0.007827933,0.0001761859,0.0039899684,0.030009523,0.011237653,0.00422726,0.0014389175,0.00959974,0.02236208,0.00058950396,0.018276546,0.002712749,0.02552306,0.07625099,0.046293944,0.0053886184,0.0055085565,0.03856995,0.00668253,0.0008554946,0.0009813524,0.00077295536,0.31733963,0.012854011,0.0010942527,0.00036563884,0.0321805,0.24348532,0.0105665885,0.0076503376
0.00023062821,0.054972343,0.007968147,0.00018575769,0.003975843,0.030544259,0.011577284,0.004246097,0.0014615962,0.009729807,0.02314929,0.00062521925,0.018932698,0.0027302739,0.025065275,0.07499808,0.04790573,0.005495548,0.0056027113,0.039948963,0.006779208,0.0008944141,0.001006632,0.0008176184,0.312856,0.012289619,0.0011479479,0.00038787143,0.032450784,0.2433434,0.010659974,0.008020929
0.00019181115,0.087623656,0.008425027,5.65106e-05,0.006800468,0.018565776,0.00761933,0.003876638,0.0016287217,0.0038820505,0.009587413,0.0003574962,0.012749036,0.0032321557,0.021845695,0.088101245,0.011932269,0.004764841,0.004157725,0.041370865,0.007298826,0.0005032519,0.0008007879,0.00053537945,0.28467205,0.106248856,0.00057436625,0.00022013321,0.01745449,0.22892378,0.012124636,0.0038747068
0.00018944795,0.08710484,0.008365098,5.6530695e-05,0.006795942,0.018662708,0.0075890343,0.0038831828,0.0016234405,0.0039333957,0.009641402,0.00035175116,0.012673511,0.0032382163,0.0220199,0.08911611,0.012004745,0.0047596497,0.0041787922,0.040822983,0.007308193,0.00050022226,0.00079612905,0.0005268401,0.28562978,0.10539622,0.0005702175,0.00021783357,0.017700344,0.22839412,0.012103193,0.0038462454
0.00021958965,0.09795815,0.008516767,3.88441e-05,0.008730794,0.013906443,0.0059668305,0.003402132,0.0017565974,0.0023564643,0.0072061005,0.0002959826,0.010437733,0.0032892856,0.017258657,0.08674154,0.005401787,0.0040951045,0.0035925503,0.040826574,0.007259252,0.00041693173,0.00072889216,0.0004925438,0.19626355,0.27613083,0.00045575382,0.00020785781,0.012480273,0.16763613,0.013203593,0.0027264585
0.00016807595,0.07837975,0.007826357,6.2184365e-05,0.005831175,0.019693116,0.00787571,0.003865426,0.0014949262,0.004485724,0.010135752,0.00035460707,0.012850841,0.003041621,0.022702938,0.08418276,0.015581336,0.004782074,0.004189221,0.038506325,0.0069564367,0.00050799333,0.0007807958,0.0005067005,0.3151444,0.067964114,0.0005888309,0.00020736802,0.018978465,0.2471629,0.011021208,0.0041708774
0.00020295549,0.09348417,0.007840627,3.0540843e-05,0.008946782,0.011705451,0.004946838,0.0030051928,0.0016790057,0.0018430003,0.005929148,0.00023796453,0.008813781,0.0030920599,0.01540043,0.082670584,0.0036920924,0.0035264376,0.0031957808,0.03728289,0.006825574,0.00034971547,0.0006380416,0.00041698388,0.16193274,0.36714607,0.0003765846,0.00017635652,0.010412294,0.13946888,0.012581326,0.0021497146
0.00021205207,0.0956803,0.008154264,3.380434e-05,0.008927621,0.012542274,0.005331944,0.0031719056,0.0017210192,0.002030158,0.006436378,0.00026000917,0.009439838,0.0031798834,0.016273396,0.08455876,0.004264036,0.003743459,0.0033564123,0.03877845,0.0070182546,0.00037596433,0.00067816296,0.0004479289,0.17418496,0.33251005,0.0004083094,0.00018958583,0.011195973,0.14960277,0.012930537,0.0023615567
0.00019572642,0.056670528,0.007441211,0.00014791545,0.0037630757,0.02543966,0.010864359,0.0039949077,0.0013481766,0.0073097874,0.015930507,0.0006131399,0.01668978,0.002527395,0.021709103,0.059531104,0.041983377,0.005421351,0.004747646,0.038401593,0.006363693,0.0007850005,0.00095038576,0.0007500546,0.33930513,0.013643044,0.001030539,0.00031679857,0.023560524,0.27206954,0.009158298,0.0073365713
0.00017988731,0.05750691,0.0072320737,0.00012927743,0.0037714671,0.023961248,0.010337173,0.00390136,0.0013122256,0.006707526,0.014162833,0.0005678679,0.01577533,0.002499603,0.021191522,0.05875367,0.038227946,0.00528533,0.004512572,0.037305653,0.006237082,0.0007244732,0.0009041141,0.0006905111,0.3468271,0.015285619,0.00094076723,0.00028444902,0.021977687,0.2771114,0.008874447,0.0068209292
0.00014515471,0.06250512,0.006889528,8.183951e-05,0.0040696994,0.020487312,0.008732594,0.0036661366,0.0012567133,0.005215677,0.0107061565,0.0004237231,0.013371065,0.0025162962,0.020913929,0.06212506,0.026292497,0.004853277,0.0039805956,0.035337042,0.006102957,0.0005631065,0.00078260223,0.00053361536,0.35673,0.02536115,0.00069825957,0.00020806704,0.018818727,0.28269774,0.008655508,0.0052788667
0.00016778114,0.058183677,0.0070804604,0.00011528779,0.003802156,0.023004012,0.009855548,0.0038378246,0.0012851002,0.0063531254,0.01314987,0.00052123226,0.014977679,0.002479751,0.02136174,0.059417937,0.0352154,0.00513156,0.0043448927,0.036185008,0.0061293445,0.00067498966,0.0008685022,0.00063936936,0.35219893,0.016908288,0.00086891727,0.0002587386,0.02114399,0.27875236,0.008734838,0.0063516265
0.00023392089,0.057686932,0.007999995,0.0001781597,0.00373958,0.027090127,0.012289843,0.004125025,0.0014432347,0.007412824,0.017122336,0.0007716022,0.019310012,0.0026303316,0.020369789,0.055196133,0.045738194,0.005920191,0.005078924,0.04576171,0.006845757,0.00091343856,0.0010660313,0.00093265,0.32226592,0.012069412,0.0012422964,0.00039425408,0.023651853,0.27228588,0.009517223,0.008716327
0.00016335747,0.05545573,0.006914425,0.00012079401,0.0036837303,0.023447582,0.009800019,0.0038010648,0.0012385561,0.006935532,0.014288794,0.00050708273,0.014460557,0.002372118,0.022531854,0.060470317,0.038166028,0.0049799243,0.004296451,0.03330151,0.0058404626,0.00067804,0.0008532953,0.00061873876,0.35711005,0.014953223,0.000872631,0.00025444938,0.022208836,0.27477723,0.00857663,0.006321035
0.00029143685,0.055612057,0.008664897,0.00023916138,0.0037729875,0.031559132,0.013915186,0.004263978,0.0015436074,0.009162243,0.024087109,0.0009258779,0.022239435,0.0027020983,0.021025369,0.058055285,0.056272667,0.006236723,0.0057204557,0.05019437,0.0072300253,0.0011254288,0.0011801228,0.0011497715,0.29622275,0.009453614,0.0015249024,0.00052219816,0.02846326,0.2557748,0.010411805,0.010457284
0.00016250278,0.0555024,0.0068938327,0.00011978707,0.0036723353,0.023273416,0.009772281,0.0037874193,0.0012353822,0.006856945,0.014094242,0.0005079294,0.014362107,0.002363545,0.022345854,0.059761122,0.03805187,0.0049766577,0.0042599896,0.03322051,0.005821419,0.0006760548,0.0008513774,0.0006180761,0.35793498,0.014989148,0.0008695597,0.0002531644,0.021923738,0.27600726,0.008522854,0.006312263
0.00023942078,0.054285735,0.007973831,0.0001985402,0.0037174195,0.029058347,0.01231894,0.004106405,0.0014193055,0.008906622,0.021635221,0.0007480627,0.018906701,0.0025438739,0.022127833,0.06019481,0.052648813,0.005700728,0.0052141454,0.04118704,0.0065699224,0.0009643203,0.0010475967,0.00092408963,0.318686,0.01034491,0.001273176,0.00041218146,0.027345786,0.26070935,0.009737498,0.0088533955
0.00019249883,0.055923473,0.0073429947,0.00014755357,0.003696178,0.025111368,0.010897091,0.0039416933,0.0013235784,0.0072916932,0.015750982,0.0006201778,0.016426638,0.0024743269,0.021231633,0.05792961,0.042792022,0.005395883,0.0046410537,0.037586633,0.0062323837,0.0007869115,0.0009390922,0.000746542,0.34214884,0.013193085,0.001030199,0.00031287968,0.023099909,0.27447864,0.008939006,0.00737543
0.00025351564,0.053959478,0.008139008,0.00021264734,0.003708952,0.02991302,0.012769118,0.0041248426,0.0014424882,0.009198682,0.023063526,0.0007977558,0.019644935,0.0025547766,0.021892916,0.059583507,0.055207543,0.005812688,0.0053270245,0.04263858,0.0066679628,0.0010193697,0.0010773925,0.000984725,0.31235072,0.009746886,0.0013469739,0.0004436459,0.028004603,0.25888795,0.009879312,0.00934543
0.00024110575,0.0542901,0.007996726,0.00019981373,0.0037070434,0.029081255,0.01240143,0.0041061705,0.001420219,0.008883726,0.021629069,0.00075837306,0.019023448,0.0025400114,0.022021087,0.059673592,0.05284337,0.0057227947,0.005212125,0.04155635,0.006576894,0.0009707277,0.0010526909,0.00093433814,0.3181921,0.010261901,0.0012851183,0.00041581577,0.02721241,0.26112938,0.0097292,0.008931656
0.0014945376,0.03068632,0.011334187,0.00033080918,0.0019407852,0.027878003,0.01783866,0.0021983527,0.0021632698,0.004670506,0.016851237,0.0049896087,0.11816539,0.0024142617,0.0032889128,0.031062169,0.009399275,0.006688159,0.0068987897,0.52985585,0.0105588455,0.0029535035,0.0015667065,0.0078094876,0.02183342,0.0061007407,0.0031237549,0.0034005234,0.028495332,0.037420765,0.01712983,0.029458044
0.0016380145,0.028396051,0.011129715,0.00041063168,0.0018460706,0.029173793,0.018469071,0.0022615262,0.0022056794,0.0050284304,0.018817078,0.0052841147,0.12338933,0.002415704,0.0032337117,0.029431356,0.0109743755,0.006940587,0.0072986637,0.51887083,0.010790618,0.0031616916,0.0016691049,0.008236965,0.020941148,0.004650334,0.0034155664,0.0037756662,0.030311452,0.036871888,0.017123314,0.0318375
0.0015559612,0.02969178,0.011281135,0.00037082826,0.0019154162,0.028889567,0.018310837,0.0022605879,0.0021959278,0.0049749417,0.018155579,0.005086412,0.1205658,0.0024391925,0.0033740369,0.030936137,0.010347549,0.0068535265,0.007159224,0.5203288,0.010710175,0.0030622089,0.0016322499,0.007918612,0.021915311,0.005354808,0.0032751162,0.003547989,0.03004225,0.03786218,0.017302046,0.030683786
0.001546141,0.029820923,0.011278143,0.00036319852,0.0019080499,0.02851746,0.018313427,0.0022391577,0.0021837673,0.004889072,0.017768944,0.00514131,0.120160304,0.0024224343,0.0033170758,0.030526564,0.010192412,0.0068427646,0.007061704,0.52287525,0.010626893,0.0030563972,0.0016219033,0.007965629,0.021937467,0.0054445346,0.0032696582,0.0035306062,0.029339448,0.037939083,0.01715531,0.03074508
0.0055953353,0.039762706,0.015190318,0.0007992236,0.0035250206,0.040875133,0.009308104,0.0027645861,0.0029935252,0.0021871722,0.018519083,0.007047187,0.12557448,0.0027497825,0.0020036148,0.017542092,0.013426478,0.005332199,0.008188582,0.5317876,0.019584507,0.0027197,0.0012729898,0.01696672,0.010862613,0.00982259,0.0019350041,0.009996133,0.014693869,0.026305102,0.019362565,0.011305926
0.005587069,0.038421985,0.014877538,0.0007891167,0.0033794565,0.039590154,0.010069921,0.0027281274,0.0028072041,0.0023596145,0.018467482,0.007850577,0.12756567,0.0025714491,0.0018903334,0.016665986,0.014603708,0.005201211,0.007511085,0.5318181,0.017490903,0.0029030272,0.0012884894,0.01805726,0.011722977,0.008998204,0.0019866743,0.0100443,0.014044439,0.02773269,0.018621543,0.012353883
0.005755157,0.0383571,0.0146201635,0.0008826905,0.0034274198,0.040386435,0.010819257,0.0028495337,0.0028642733,0.002581124,0.019384904,0.008212643,0.12912399,0.0026421307,0.0018605727,0.01666785,0.016191501,0.0054950747,0.007750321,0.52178943,0.01760164,0.0030642825,0.0013788014,0.018476116,0.012142254,0.008239107,0.0021431171,0.01038557,0.014707493,0.028283063,0.018767877,0.013149106
0.0059888605,0.04174273,0.015043421,0.0010044669,0.003864404,0.043738913,0.010211647,0.0030546463,0.0032900588,0.00247059,0.020245776,0.0072830017,0.12529913,0.00301846,0.0019800216,0.01809334,0.015804991,0.0060573146,0.009146874,0.51104844,0.021341484,0.0029199442,0.0014242484,0.01742161,0.011335706,0.009292232,0.0021929634,0.010721999,0.016139857,0.0267927,0.020150704,0.011879492
0.0057173646,0.04191404,0.015486171,0.0008725533,0.0038232387,0.042812157,0.009294551,0.0029481286,0.0032512918,0.0021896882,0.019030465,0.0066973725,0.123013206,0.0030019006,0.0021488662,0.01844679,0.013649232,0.0057275286,0.009010594,0.5221469,0.021800978,0.0027007987,0.0013328217,0.016393796,0.0109263705,0.010471778,0.0020099496,0.010064079,0.015481242,0.026624385,0.020147318,0.010864465
0.0055294763,0.041110277,0.015590808,0.00077890145,0.0036864686,0.041566715,0.008761719,0.0028300807,0.0031506922,0.0020417655,0.018335346,0.00637767,0.122981854,0.0029262563,0.00218665,0.018537458,0.012307956,0.0054184454,0.008720709,0.5312468,0.021453986,0.0025674975,0.001269936,0.01581578,0.010510205,0.0109244585,0.0018826035,0.009673938,0.015108583,0.026111096,0.020128483,0.010467263
0.005760205,0.041611325,0.015326339,0.00088902266,0.0037976077,0.042789128,0.0097465115,0.002965993,0.003170733,0.0023224498,0.019370908,0.00707547,0.12404695,0.0029169258,0.0020775592,0.01811289,0.014665472,0.005724115,0.008726971,0.5193604,0.020736994,0.0027974285,0.0013501684,0.017039426,0.0114702815,0.009980264,0.0020423648,0.010219937,0.015323784,0.027384289,0.019854417,0.011343701
0.005642644,0.038499072,0.014814533,0.000811794,0.0034001905,0.039937783,0.010032498,0.002743031,0.0028379771,0.0023586035,0.018655306,0.0078058788,0.1279352,0.00259755,0.0018705453,0.016669486,0.014734617,0.0052660797,0.0076497872,0.530508,0.01783109,0.002898893,0.0012955252,0.018069938,0.011545098,0.008891487,0.001999053,0.010183649,0.014193372,0.027346924,0.018679865,0.012294482
0.0055891825,0.037718777,0.014708059,0.00082037953,0.0033537624,0.03920425,0.011136801,0.0028041047,0.0027589295,0.0026339036,0.018947499,0.008505367,0.12882781,0.0025570677,0.001904592,0.016571367,0.016023157,0.005327758,0.0073114536,0.5245507,0.016460165,0.0031267286,0.0013723136,0.018617416,0.012789549,0.008315395,0.0021348482,0.010032,0.014243723,0.029581217,0.018453725,0.013617903
0.0053980337,0.038015462,0.014997611,0.00070787146,0.0033181764,0.038246833,0.010068686,0.0026559767,0.0026867976,0.0023169278,0.017750224,0.007975217,0.1266216,0.0024554706,0.0019051349,0.016473435,0.014072121,0.004951236,0.0070040394,0.5376979,0.016399601,0.0028873703,0.0012478236,0.018116403,0.01223374,0.009427784,0.0019067499,0.009629385,0.01325109,0.028903406,0.01825689,0.012420946
0.005464387,0.039968796,0.015175097,0.0007552923,0.0035184787,0.040098242,0.00999432,0.0028116934,0.0028228704,0.0023040243,0.018138178,0.007655318,0.12463534,0.0025795435,0.001991054,0.016823664,0.014783133,0.0052075176,0.007490359,0.53054637,0.017765922,0.0028306814,0.0012770288,0.017752627,0.012564697,0.009699991,0.0019261643,0.009668761,0.013536611,0.029780742,0.01860197,0.011831174
0.005489026,0.037252188,0.014761451,0.0007595504,0.003273227,0.038320545,0.010643208,0.0026844784,0.0026975463,0.002491741,0.018341294,0.008323712,0.12856032,0.0024843758,0.0018726442,0.01646455,0.014843087,0.0050933585,0.007082912,0.53271073,0.01614979,0.0030320105,0.0013059711,0.018447323,0.012286861,0.008668686,0.002030908,0.009871973,0.013828643,0.028668463,0.01830716,0.013252273
0.005572614,0.038298372,0.014790779,0.0008086247,0.0034010687,0.039467674,0.010954727,0.0028201833,0.002763739,0.00256968,0.01873221,0.00839591,0.1277764,0.0025482792,0.0019106634,0.016501192,0.016022302,0.0053037102,0.007305013,0.52525693,0.016648365,0.0030749284,0.0013517968,0.018567711,0.012935338,0.008568817,0.002089204,0.009961236,0.013944794,0.030019838,0.018390546,0.013247427
0.0050995885,0.039196413,0.015358004,0.00060525106,0.0033451177,0.038068607,0.008856484,0.0026178244,0.0027002613,0.0019690434,0.01664244,0.0068765706,0.12311926,0.0024744137,0.0020280285,0.016952539,0.012132626,0.004724636,0.007084965,0.54795533,0.017535029,0.0025426832,0.0011570134,0.016469682,0.0117586795,0.010868954,0.0016876288,0.008878425,0.01278974,0.029053325,0.01860299,0.010848419
0.0052868966,0.03874464,0.01513674,0.0006694532,0.0033237287,0.038365938,0.009392355,0.002634298,0.0027048253,0.0021166855,0.017183032,0.0074397563,0.12496959,0.0024615258,0.0019336554,0.016469833,0.013248945,0.0048697446,0.0071018245,0.54292107,0.017129976,0.0027106742,0.0011979644,0.017421668,0.011868018,0.009958614,0.0018053402,0.009359468,0.012948268,0.028743176,0.01832979,0.011552607
0.0054896027,0.041303575,0.015444171,0.0007739909,0.0036641685,0.04123521,0.009606606,0.0028780338,0.0029730436,0.0022247387,0.018276153,0.0071588806,0.122939676,0.0027229881,0.0020971913,0.017519899,0.014260796,0.0053603686,0.007993376,0.5280486,0.019236501,0.0027349063,0.0012848282,0.017062237,0.012176304,0.010317885,0.001917577,0.009646594,0.014049895,0.029204004,0.019190295,0.0112079065
0.008079365,0.04442379,0.006628872,0.024197625,0.023971755,0.044454597,0.00429814,0.0086013535,0.025849178,0.0013670295,0.009447784,0.0006115195,0.013478957,0.030767748,0.0065720407,0.036152214,0.0046665496,0.027879557,0.081162445,0.031947453,0.44019017,0.001557941,0.0035004565,0.0015698038,0.0019641607,0.036496744,0.007875022,0.005585262,0.036543284,0.0046068924,0.023831526,0.0017208018
0.006115818,0.0357662,0.0056443065,0.02533129,0.023578074,0.037063267,0.0032869084,0.008396565,0.025878906,0.0011101248,0.007678764,0.00036889856,0.008725054,0.03438411,0.011068646,0.03809858,0.0031873018,0.025385885,0.08990851,0.02027272,0.47241426,0.001159576,0.003294184,0.00087058527,0.0015670393,0.038681976,0.007345014,0.0037760227,0.03525789,0.0035573286,0.019787332,0.0010389287
0.00088974397,0.030428894,0.0024374162,0.0006844262,0.019217718,0.010028205,0.00075117126,0.009073459,0.017343914,0.00013857265,0.0022493633,1.2825686e-05,0.0028180357,0.053033724,0.01723353,0.035606533,0.00013230932,0.008976931,0.082770966,0.011454967,0.60460025,0.000102223945,0.0033152874,6.0727918e-05,0.00063685386,0.043303464,0.0013689628,0.00038719916,0.023254324,0.0026316503,0.014940385,0.00011603823
0.0071200994,0.04029151,0.0060972916,0.026689356,0.024513945,0.04283795,0.004264112,0.009193929,0.025727833,0.0014631184,0.009272827,0.0005040098,0.011265864,0.03217382,0.008601756,0.038537726,0.0047426736,0.02773667,0.08600007,0.025339361,0.44564456,0.0014297501,0.0036454385,0.0012052655,0.002074428,0.034598403,0.008095842,0.004568283,0.038343318,0.0045516514,0.021971403,0.0014977002
0.005625457,0.03356538,0.0056079575,0.02646724,0.024062801,0.03641213,0.003375659,0.009016496,0.02552627,0.0011989273,0.007604797,0.0003431708,0.007852562,0.035919536,0.015701896,0.040760145,0.0032670617,0.025034398,0.0930459,0.01770612,0.4655119,0.0011212546,0.0034788304,0.00074394007,0.0017615351,0.03928646,0.0076121506,0.0032875787,0.03610832,0.0037691558,0.018271301,0.000953807
0.005827028,0.035152856,0.005555191,0.02462126,0.023389025,0.03601886,0.0031136472,0.00828885,0.025793713,0.0010335329,0.0073394985,0.00034215054,0.008225,0.0347552,0.011861082,0.037774593,0.0029584512,0.024931803,0.09069608,0.019384483,0.47807837,0.001095358,0.003222024,0.0008044048,0.0015096312,0.039665442,0.0071459874,0.0035614676,0.034171972,0.0034695994,0.019263132,0.0009503394
0.006016654,0.035354186,0.005625461,0.02461704,0.023295874,0.036589716,0.0031701473,0.008244373,0.02575055,0.0010692265,0.007567187,0.00035495652,0.008628283,0.034445506,0.011244561,0.038242944,0.003001169,0.024968691,0.09020456,0.020193843,0.4750965,0.0011261556,0.0032233528,0.00084485556,0.0015056684,0.0393432,0.007153442,0.0037206346,0.035188314,0.003446667,0.019763803,0.0010025094
0.0004921729,0.028105928,0.0020144286,0.00023927748,0.015408049,0.0075808647,0.00056086684,0.00793782,0.015956936,7.409534e-05,0.0015203501,4.655482e-06,0.0022380415,0.058009863,0.020966979,0.038213123,5.058606e-05,0.0070916847,0.08035122,0.012787836,0.61411154,5.189508e-05,0.0030938864,2.8974675e-05,0.00046389838,0.041262038,0.0008898847,0.0001857658,0.022560773,0.0023125324,0.015373732,6.0318707e-05
0.005570539,0.033285618,0.0055923946,0.025262272,0.023474298,0.035390235,0.0031656222,0.008654408,0.02553591,0.0010870189,0.007281302,0.0003315859,0.0077791866,0.03588479,0.01524685,0.03948368,0.0029436941,0.024599545,0.09300488,0.017926151,0.47335494,0.0010779592,0.0033457514,0.000732112,0.0016082244,0.040139753,0.0073336773,0.0032905382,0.034887213,0.003565932,0.018258784,0.00090516516
0.0055874772,0.033023573,0.0055894703,0.025462994,0.023393203,0.03538505,0.0031727476,0.008657395,0.025527226,0.0010998576,0.0073270085,0.00033224307,0.00780886,0.035964902,0.015394333,0.039750148,0.0029390687,0.024568211,0.09327266,0.01789329,0.47249216,0.0010817933,0.0033581483,0.00073082984,0.0016020661,0.039916765,0.007366089,0.0033001942,0.035292942,0.0035385527,0.018260304,0.0009103725
0.00534391,0.036236808,0.0055125607,0.017963639,0.02131265,0.032892253,0.0024662537,0.0073219733,0.02488124,0.00068997225,0.006374537,0.00027403564,0.008093247,0.033712346,0.010625029,0.0344991,0.0020475953,0.022905884,0.08833802,0.021322332,0.50416404,0.0008932635,0.0027908268,0.00071983575,0.0011891277,0.044041704,0.005837447,0.003287987,0.030235233,0.0032002453,0.02004186,0.00078511814
0.0050575696,0.035233628,0.0053864303,0.016085688,0.020469135,0.031102773,0.002246272,0.007060074,0.024288403,0.0006082769,0.0061485576,0.00023681665,0.007814342,0.033920318,0.0110994205,0.034930393,0.0017118807,0.02199894,0.0890886,0.020976128,0.5108164,0.0008044455,0.002702427,0.00063792884,0.0010720177,0.045613706,0.0054082805,0.0030597947,0.03042084,0.002995542,0.020294413,0.0007106366
0.005170946,0.031148607,0.0055896994,0.023471018,0.022457607,0.03356904,0.002874355,0.008390981,0.025077976,0.0009903293,0.0068788975,0.00029256663,0.0073153204,0.036905408,0.018950278,0.04085412,0.0024277512,0.023305828,0.09549171,0.017105712,0.47637215,0.0009841695,0.0032520397,0.0006376691,0.0014685158,0.04217325,0.0069626495,0.0030183052,0.035080943,0.003293056,0.017697902,0.0007911705
0.005416882,0.037871744,0.005633029,0.0162958,0.021389382,0.032991637,0.0024474373,0.007279764,0.024505747,0.0006625712,0.006398786,0.00027330295,0.008442745,0.03309471,0.009946317,0.03456473,0.001988694,0.022667997,0.085852265,0.022747332,0.5035613,0.0008807616,0.0027444588,0.0007418673,0.001209263,0.046539105,0.0055537205,0.0033240847,0.029928684,0.0033474604,0.020896347,0.0008020672
0.005857756,0.03825356,0.0057681086,0.019285547,0.022312328,0.035436586,0.0027782419,0.0076069795,0.025238378,0.00081368,0.0069015636,0.00032725118,0.008910299,0.03315234,0.009645526,0.035233457,0.0024666954,0.023836033,0.08610472,0.022982571,0.49099228,0.0010155289,0.0029021357,0.00085613376,0.0013469831,0.043658886,0.0061993115,0.0036874095,0.031265162,0.0034814272,0.020759143,0.0009240083
0.0055691376,0.034437366,0.0055708606,0.021972137,0.022195766,0.034494434,0.0027943116,0.007816218,0.025427252,0.00089329155,0.0069501945,0.0003081625,0.008099485,0.03485271,0.0123722255,0.03747038,0.0024391694,0.023762297,0.09122796,0.019809134,0.48693943,0.0010039425,0.0030410879,0.0007477898,0.0013283457,0.04145673,0.006616716,0.0034249637,0.03346692,0.0032116538,0.019437402,0.00086254056
3.899734e-06,0.00010661677,8.23858e-05,3.8182297e-05,0.00013534838,0.00021607951,2.4404622e-05,0.00016511334,8.090473e-05,4.886176e-05,6.235292e-05,3.3897715e-07,1.2188036e-05,0.00041959475,0.98938423,0.0050771013,1.1268317e-05,5.7809746e-05,0.00070053106,2.4982004e-05,0.00081097276,2.4988972e-06,4.4924444e-05,2.836063e-07,0.00019422737,0.0014346616,4.8150858e-05,1.0384023e-06,0.0006569822,9.519488e-05,5.750984e-05,1.3024087e-06
9.944815e-06,0.00017944998,0.00014305295,0.000118048236,0.0002345633,0.00041467708,5.6152083e-05,0.0002999767,0.00015693608,0.00011686982,0.00012379893,1.0547086e-06,2.537849e-05,0.00069447135,0.9840714,0.0068345,3.3787215e-05,0.00011440121,0.0011934052,4.3270753e-05,0.0014048005,6.821544e-06,9.498415e-05,7.790503e-07,0.0003616831,0.0016855524,0.00011971596,2.7179733e-06,0.001170991,0.00018309808,9.9724864e-05,3.913646e-06
6.9727457e-06,0.00015411834,0.000120972116,6.824093e-05,0.00019484114,0.00030982064,3.7561716e-05,0.00023310981,0.0001249657,7.195584e-05,9.16077e-05,6.398036e-07,1.9466495e-05,0.00060503365,0.98608196,0.0061600767,1.7846247e-05,8.7359505e-05,0.0010109035,3.781789e-05,0.001199557,4.3901423e-06,6.8760084e-05,5.253824e-07,0.00025173326,0.0018264154,7.946266e-05,1.9270565e-06,0.0009159342,0.0001302768,8.350853e-05,2.3386979e-06
3.6196864e-06,0.000102195656,7.854279e-05,3.54855e-05,0.00012985541,0.00020883771,2.339921e-05,0.00015818956,7.6615936e-05,4.7694026e-05,6.0020404e-05,3.156555e-07,1.1529853e-05,0.00039792032,0.98970234,0.00498646,1.0938464e-05,5.5042372e-05,0.00066534715,2.3702618e-05,0.0007652835,2.3480723e-06,4.254355e-05,2.6397254e-07,0.00019239233,0.0013902991,4.5412016e-05,9.586148e-07,0.0006333082,9.308589e-05,5.488973e-05,1.2256077e-06
6.052936e-06,0.0001333045,0.000105232524,6.7784466e-05,0.00017242381,0.0002991313,3.713124e-05,0.00021787599,0.00010911574,7.8937235e-05,8.7834385e-05,5.94891e-07,1.7160775e-05,0.00051794155,0.98728687,0.0058596735,2.0480335e-05,7.9307945e-05,0.0008853759,3.149647e-05,0.0010211618,4.1234553e-06,6.416327e-05,4.6015097e-07,0.00027051024,0.0014649148,7.5518e-05,1.6278863e-06,0.00087607757,0.00013193476,7.3429685e-05,2.2781853e-06
3.5134003e-06,9.898516e-05,7.678215e-05,3.4654036e-05,0.00012636125,0.00020456228,2.2775184e-05,0.0001548714,7.471251e-05,4.697893e-05,5.87936e-05,3.050224e-07,1.1281923e-05,0.0003902753,0.98983663,0.0049637556,1.0622368e-05,5.3598746e-05,0.0006531289,2.3185548e-05,0.00074803975,2.2826077e-06,4.1575444e-05,2.5536445e-07,0.0001872422,0.0013567688,4.421334e-05,9.2964626e-07,0.0006276849,9.018316e-05,5.3898453e-05,1.1925516e-06
8.291617e-06,0.00016219258,0.00012869791,9.54277e-05,0.00021097067,0.00036913576,4.8203114e-05,0.0002677232,0.00013782247,0.00010075493,0.000109411834,8.523383e-07,2.2124985e-05,0.0006271505,0.9852632,0.006498332,2.7921671e-05,0.00010014824,0.0010744733,3.8897495e-05,0.0012597274,5.664052e-06,8.205829e-05,6.4330567e-07,0.00032571485,0.0016204919,0.00010062798,2.2550853e-06,0.001055366,0.00016299859,8.9519155e-05,3.2034202e-06
4.542618e-06,0.00011458679,8.9464644e-05,4.7312602e-05,0.00014732176,0.0002477559,2.8969978e-05,0.00018235632,8.922011e-05,6.148733e-05,7.1954426e-05,4.205394e-07,1.3879561e-05,0.00044427623,0.988618,0.0054424363,1.47751525e-05,6.454439e-05,0.00075218873,2.6902844e-05,0.00086463266,3.0375725e-06,5.088964e-05,3.3884615e-07,0.00022792477,0.0014134158,5.6827994e-05,1.2121963e-06,0.0007452867,0.00010965097,6.279305e-05,1.6431339e-06
6.0611633e-06,0.00013512847,0.00010671097,6.632517e-05,0.00017454085,0.00029710055,3.6485333e-05,0.00021818254,0.000110463705,7.5868484e-05,8.69236e-05,5.8735685e-07,1.7211474e-05,0.0005290638,0.98719484,0.0058676964,1.951454e-05,7.9641075e-05,0.0008985219,3.2117754e-05,0.0010447782,4.080717e-06,6.391186e-05,4.6037673e-07,0.0002636421,0.001519068,7.4803385e-05,1.6379528e-06,0.000868545,0.00012995824,7.386826e-05,2.2238735e-06
6.62014e-06,0.00014146279,0.000112053865,7.395912e-05,0.00018264653,0.00031382855,3.9352202e-05,0.00023024369,0.00011721158,8.171676e-05,9.210182e-05,6.542299e-07,1.8304017e-05,0.0005526191,0.98680323,0.0059630037,2.1578555e-05,8.476891e-05,0.00094029726,3.3627926e-05,0.0010952106,4.4753247e-06,6.852061e-05,5.060595e-07,0.00027821044,0.0015357202,8.161497e-05,1.7920386e-06,0.00090694847,0.00013791434,7.736478e-05,2.4578972e-06
2.0043797e-05,0.00028422783,0.00022786287,0.0002386266,0.0003696781,0.0007007154,0.000107696615,0.0004765173,0.0002567831,0.00022895288,0.00021959151,2.4140006e-06,4.8871116e-05,0.0010219525,0.97660017,0.009384083,7.400997e-05,0.00019116342,0.0017729164,7.341176e-05,0.002126598,1.4104483e-05,0.00016578642,1.6915269e-06,0.0006109752,0.0021017303,0.00022112539,5.6309323e-06,0.0019545958,0.000321211,0.00016735493,9.359659e-06
2.9013397e-06,9.489047e-05,7.082408e-05,2.4232828e-05,0.00011835219,0.00017979952,1.8966912e-05,0.00013887696,6.5736356e-05,3.763652e-05,5.189255e-05,2.2919647e-07,1.0193634e-05,0.0003605693,0.990087,0.004940608,7.771921e-06,4.6883786e-05,0.0005897129,2.2261205e-05,0.00068619585,1.7711059e-06,3.5442627e-05,2.0432901e-07,0.00016657879,0.0014941356,3.4379147e-05,7.583407e-07,0.00057676865,8.182613e-05,5.1880772e-05,9.350061e-07
5.6722356e-06,0.00013306564,0.0001046518,5.7705212e-05,0.0001687736,0.0002799004,3.35475e-05,0.00020707645,0.00010613492,6.804661e-05,8.205789e-05,5.2914606e-07,1.6675842e-05,0.00051855034,0.98740214,0.0058017233,1.6545722e-05,7.55668e-05,0.0008746358,3.2198353e-05,0.0010176963,3.7151783e-06,5.976144e-05,4.2765046e-07,0.00024231194,0.0015891114,6.809634e-05,1.5432615e-06,0.00083595543,0.000121314064,7.28341e-05,2.0115567e-06
1.2363332e-05,0.00023358551,0.00018079272,0.00011987165,0.00029228724,0.00048547532,6.398033e-05,0.00034517536,0.00019142631,0.0001240962,0.0001455835,1.2711334e-06,3.338068e-05,0.00084148627,0.9808172,0.008019604,3.4165827e-05,0.0001349205,0.0014215981,5.935503e-05,0.0017496974,8.0073605e-06,0.000106725616,1.0019854e-06,0.00040101496,0.0023231455,0.00013063631,3.5035919e-06,0.0013729217,0.00021403839,0.0001270307,4.7235003e-06
4.074728e-06,0.00012559637,9.226683e-05,3.0401718e-05,0.00015113119,0.00022480245,2.441335e-05,0.0001717757,8.5471e-05,4.613788e-05,6.567259e-05,3.2375885e-07,1.4191565e-05,0.0004523868,0.9879209,0.005774418,9.516515e-06,5.9909566e-05,0.0007331889,3.0641157e-05,0.00088339526,2.3895998e-06,4.5072193e-05,2.9258214e-07,0.000199508,0.001912612,4.3609874e-05,1.0867957e-06,0.0007212717,0.00010359711,6.871785e-05,1.3216461e-06
7.441003e-06,0.00015380984,0.00012197183,8.109252e-05,0.00019889422,0.0003498336,4.4335942e-05,0.00024759516,0.0001269836,9.592697e-05,0.00010462804,7.4961423e-07,2.116226e-05,0.00058736367,0.9855553,0.006596386,2.4750321e-05,9.187383e-05,0.0010052279,3.7564252e-05,0.0011651143,5.0787776e-06,7.460419e-05,5.7639534e-07,0.00030971452,0.0016149175,8.9093715e-05,2.0318566e-06,0.0010432962,0.00015269905,8.712769e-05,2.9337475e-06
1.9171619e-06,7.537537e-05,5.4493456e-05,1.42742365e-05,9.296704e-05,0.00013698635,1.3424399e-05,0.000107543965,4.825832e-05,2.67294e-05,3.9857012e-05,1.3529443e-07,7.592363e-06,0.00028450627,0.9913483,0.0045403815,4.887439e-06,3.4810317e-05,0.0004582361,1.7487091e-05,0.0005301734,1.1097713e-06,2.5906036e-05,1.2620404e-07,0.00013041058,0.0013972127,2.2563217e-05,4.8435e-07,0.0004767929,6.363953e-05,4.2727886e-05,5.914526e-07
5.6629588e-06,0.00013025774,0.00010205966,6.148165e-05,0.00016828688,0.0002967825,3.6286667e-05,0.00021074172,0.000103547514,8.0289115e-05,8.740605e-05,5.579835e-07,1.693106e-05,0.0004933316,0.987317,0.005996109,2.0160567e-05,7.576709e-05,0.0008435539,3.084418e-05,0.0009685756,3.9040538e-06,6.080688e-05,4.3280315e-07,0.0002772167,0.0014449946,7.039354e-05,1.5195928e-06,0.0008868172,0.00013321669,7.286284e-05,2.2210882e-06
3.787159e-06,0.00010303685,8.0417936e-05,3.7674236e-05,0.00013117699,0.0002212644,2.4978188e-05,0.00016135999,7.804221e-05,5.399947e-05,6.440961e-05,3.3936396e-07,1.2354302e-05,0.00040005462,0.9893265,0.005269126,1.2057531e-05,5.635297e-05,0.00067465106,2.454663e-05,0.0007647412,2.5184142e-06,4.4006596e-05,2.7922772e-07,0.00020370132,0.001352599,4.7502952e-05,1.0094982e-06,0.00069150573,9.711075e-05,5.756212e-05,1.367749e-06
3.2209591e-06,0.00011062982,8.009776e-05,2.269393e-05,0.00013410999,0.00019816862,2.0653859e-05,0.0001495664,7.154551e-05,4.061926e-05,5.7994715e-05,2.462191e-07,1.2171526e-05,0.0003917478,0.98860675,0.005700843,7.8304965e-06,5.054483e-05,0.0006296753,2.6740547e-05,0.00075435505,1.881288e-06,3.761801e-05,2.2706529e-07,0.00018391685,0.0018476465,3.449331e-05,8.4386073e-07,0.0006673881,9.2592156e-05,6.2128296e-05,1.0608517e-06
2.1248118e-06,9.8741155e-05,5.8557347e-05,7.700746e-06,0.000113347734,0.00012391756,1.1409426e-05,0.00012307981,4.9080998e-05,1.636975e-05,4.1592775e-05,8.9226674e-08,8.451777e-06,0.00032969168,0.9888403,0.0053660017,2.478317e-06,3.6290425e-05,0.00045234445,2.1198199e-05,0.00060532254,7.3226005e-07,2.8004793e-05,9.92919e-08,0.000111007605,0.0028768738,1.5536572e-05,4.734179e-07,0.00052401837,6.894526e-05,6.5755594e-05,4.5123474e-07
4.5726138e-06,0.000117997886,9.190447e-05,4.415647e-05,0.00014939166,0.00024967696,2.8610662e-05,0.00017976854,8.9563684e-05,6.0841332e-05,7.3151285e-05,4.1286785e-07,1.4553705e-05,0.00044852,0.9882081,0.0057073254,1.3772012e-05,6.4028674e-05,0.00075657305,2.8582763e-05,0.0008684702,2.9895189e-06,5.0197043e-05,3.4073736e-07,0.00022299087,0.0015154979,5.484926e-05,1.2331002e-06,0.00077598816,0.00010814813,6.614557e-05,1.6508069e-06
2.4131518e-06,0.00017819175,7.5941156e-05,5.415892e-06,0.00022740984,0.00015589426,1.644827e-05,0.00026734726,8.817043e-05,2.0200814e-05,4.959772e-05,7.408409e-08,1.4738735e-05,0.0007465194,0.9806667,0.009534117,1.7933978e-06,5.5135093e-05,0.0009902393,4.2032025e-05,0.0014119801,7.4288096e-07,5.9190825e-05,9.8311844e-08,0.00011278257,0.004063973,2.3952094e-05,4.96439e-07,0.00096494594,8.4700056e-05,0.00013837227,4.858028e-07
3.4511959e-06,0.000105217994,7.8796e-05,3.1063668e-05,0.00013124073,0.00021355254,2.366492e-05,0.000156849,7.328474e-05,5.0290397e-05,6.110797e-05,3.0452588e-07,1.18748e-05,0.0003782071,0.9894003,0.0052581937,1.1165337e-05,5.3268468e-05,0.000628991,2.4301668e-05,0.0007296935,2.2550287e-06,4.053054e-05,2.5762387e-07,0.00021247467,0.0014653176,4.175854e-05,9.11459e-07,0.0006525528,0.00010111221,5.6730765e-05,1.2441533e-06
7.0567867e-06,0.0001498793,0.000117077965,7.821501e-05,0.00019385687,0.00034782488,4.4647335e-05,0.0002438979,0.00012049298,9.9917816e-05,0.00010376985,7.3031117e-07,2.0403722e-05,0.00055214606,0.9859152,0.0065137115,2.633929e-05,8.896262e-05,0.0009473382,3.5597925e-05,0.001091435,4.927089e-06,7.264706e-05,5.531827e-07,0.0003312661,0.001535026,8.6337255e-05,1.9062294e-06,0.0010219589,0.00015962178,8.428372e-05,2.9180317e-06
3.3844044e-06,0.00014752285,8.5254775e-05,1.2142972e-05,0.00016547713,0.00018232733,1.8067783e-05,0.00017007763,7.051186e-05,2.659721e-05,5.9485934e-05,1.6595291e-07,1.3067126e-05,0.00042776193,0.98555887,0.006637107,4.529771e-06,5.246642e-05,0.0005985583,3.1300642e-05,0.0008433167,1.2530612e-06,3.8864553e-05,1.7897712e-07,0.00017895075,0.0037442623,2.3566587e-05,7.722301e-07,0.00070305355,0.000109895765,9.019791e-05,8.201241e-07
5.5299847e-06,0.00014500268,0.00010792696,5.0966988e-05,0.00018043003,0.00029253185,3.4864457e-05,0.00021264677,0.00010477772,7.150694e-05,8.437066e-05,5.251033e-07,1.737554e-05,0.0005042382,0.98685604,0.0061006946,1.7492404e-05,7.580614e-05,0.0008439984,3.3759614e-05,0.0010098545,3.6254976e-06,5.7947913e-05,4.28908e-07,0.0002847456,0.001771292,6.381046e-05,1.4921258e-06,0.00084691355,0.0001408452,7.653423e-05,2.0651985e-06
2.390998e-06,0.00013183457,7.419041e-05,5.7824004e-06,0.00014786626,0.00015334028,1.2961496e-05,0.0001450623,5.5541415e-05,1.8704111e-05,5.076964e-05,9.444295e-08,1.1849902e-05,0.0003830998,0.98466563,0.007328626,2.3624928e-06,3.9099366e-05,0.0005010311,3.1101285e-05,0.0007042999,7.464632e-07,3.0138162e-05,1.1845946e-07,0.00013657266,0.0044888267,1.4502779e-05,5.465222e-07,0.0006802942,8.676162e-05,9.52373e-05,5.2271054e-07
2.708375e-06,8.812795e-05,6.595313e-05,2.5762401e-05,0.00011200661,0.00018675113,2.0128864e-05,0.00013612035,6.0893737e-05,4.5062596e-05,5.2893894e-05,2.3833393e-07,9.665047e-06,0.00032074685,0.99056214,0.004852,9.894087e-06,4.501732e-05,0.0005389587,1.9814734e-05,0.0006130979,1.8173929e-06,3.4179342e-05,1.9934637e-07,0.00019496553,0.0012535533,3.484031e-05,7.032025e-07,0.00057376013,8.927228e-05,4.777499e-05,9.949246e-07
2.4811761e-06,9.464879e-05,6.683118e-05,1.8482155e-05,0.00011632167,0.00017509243,1.7918164e-05,0.00013107153,5.8365506e-05,3.7148016e-05,4.9689206e-05,1.9527653e-07,9.654489e-06,0.00032015855,0.990035,0.0051191254,7.4337922e-06,4.2633612e-05,0.0005188926,2.1362503e-05,0.00061679375,1.5138224e-06,3.1155298e-05,1.7788763e-07,0.00018419028,0.0015950636,2.846342e-05,6.376078e-07,0.00055984315,8.781861e-05,5.0953055e-05,8.46648e-07
